2025-05-01 19:06:44,MM-Simple,128,128,2127000,1,32,32768,1048576,33554432,64,,1
2025-05-01 19:06:44,MM-DivideConquer,128,128,2709400,0.7850446593341699,32,32768,1048576,33554432,64,,1
2025-05-01 19:06:44,MM-DivideConquer-Par8,128,128,1020500,2.0842724154826064,32,32768,1048576,33554432,64,,1
2025-05-01 19:06:44,MM-DivideConquer-Par4,128,128,505900,4.204388219015616,32,32768,1048576,33554432,64,,1
2025-05-01 19:06:44,MM-CacheAware,128,128,2055300,1.0348854181871259,32,32768,1048576,33554432,64,1MB,1
2025-05-01 19:06:44,MM-Simple,256,256,17939200,1,32,32768,1048576,33554432,64,,1
2025-05-01 19:06:44,MM-DivideConquer,256,256,18286400,0.9810132120045498,32,32768,1048576,33554432,64,,1
2025-05-01 19:06:44,MM-DivideConquer-Par8,256,256,3579600,5.011509665884456,32,32768,1048576,33554432,64,,1
2025-05-01 19:06:44,MM-DivideConquer-Par4,256,256,2020200,8.87991287991288,32,32768,1048576,33554432,64,,1
2025-05-01 19:06:44,MM-CacheAware,256,256,18172200,0.9871782172769396,32,32768,1048576,33554432,64,1MB,1
2025-05-01 19:06:45,MM-Simple,512,512,294580100,1,32,32768,1048576,33554432,64,,1
2025-05-01 19:06:46,MM-DivideConquer,512,512,273266800,1.0779944728009403,32,32768,1048576,33554432,64,,1
2025-05-01 19:06:46,MM-DivideConquer-Par8,512,512,17234900,17.092068999530024,32,32768,1048576,33554432,64,,1
2025-05-01 19:06:47,MM-DivideConquer-Par4,512,512,18780200,15.685674273969394,32,32768,1048576,33554432,64,,1
2025-05-01 19:06:47,MM-CacheAware,512,512,135015400,2.1818259250426246,32,32768,1048576,33554432,64,1MB,1
2025-05-01 19:06:55,MM-Simple,1024,1024,3089208500,1,32,32768,1048576,33554432,64,,1
2025-05-01 19:07:02,MM-DivideConquer,1024,1024,2174956600,1.4203540889045787,32,32768,1048576,33554432,64,,1
2025-05-01 19:07:04,MM-DivideConquer-Par8,1024,1024,100366900,30.779156275624732,32,32768,1048576,33554432,64,,1
2025-05-01 19:07:06,MM-DivideConquer-Par4,1024,1024,104546200,29.548740174200496,32,32768,1048576,33554432,64,,1
2025-05-01 19:07:11,MM-CacheAware,1024,1024,1073671000,2.877239396425907,32,32768,1048576,33554432,64,1MB,1
2025-05-01 19:08:40,MM-Simple,2048,2048,32493910700,1,32,32768,1048576,33554432,64,,1
2025-05-01 19:09:42,MM-DivideConquer,2048,2048,17784197700,1.8271226651961927,32,32768,1048576,33554432,64,,1
2025-05-01 19:10:11,MM-DivideConquer-Par8,2048,2048,806526800,40.28869307256746,32,32768,1048576,33554432,64,,1
2025-05-01 19:10:38,MM-DivideConquer-Par4,2048,2048,714909500,45.451781938832816,32,32768,1048576,33554432,64,,1
2025-05-01 19:11:23,MM-CacheAware,2048,2048,8972542700,3.6214829827446793,32,32768,1048576,33554432,64,1MB,1
2025-05-01 19:11:23,MM-Simple,128,128,1018000,1,32,32768,1048576,33554432,64,,1
2025-05-01 19:11:23,MM-DivideConquer,128,128,2533200,0.40186325596084005,32,32768,1048576,33554432,64,,1
2025-05-01 19:11:23,MM-DivideConquer-Par8,128,128,506200,2.01106282101936,32,32768,1048576,33554432,64,,1
2025-05-01 19:11:23,MM-DivideConquer-Par4,128,128,510400,1.994514106583072,32,32768,1048576,33554432,64,,1
2025-05-01 19:11:23,MM-CacheAware,128,128,2585600,0.3937190594059406,32,32768,1048576,33554432,64,1MB,1
2025-05-01 19:11:23,MM-Simple,256,256,19705400,1,32,32768,1048576,33554432,64,,1
2025-05-01 19:11:23,MM-DivideConquer,256,256,20312900,0.9700928966321894,32,32768,1048576,33554432,64,,1
2025-05-01 19:11:23,MM-DivideConquer-Par8,256,256,1519400,12.969198367776753,32,32768,1048576,33554432,64,,1
2025-05-01 19:11:23,MM-DivideConquer-Par4,256,256,2530800,7.786233602023076,32,32768,1048576,33554432,64,,1
2025-05-01 19:11:23,MM-CacheAware,256,256,17285900,1.1399695705748616,32,32768,1048576,33554432,64,1MB,1
2025-05-01 19:11:24,MM-Simple,512,512,307721600,1,32,32768,1048576,33554432,64,,1
2025-05-01 19:11:25,MM-DivideConquer,512,512,277059900,1.11066812627883,32,32768,1048576,33554432,64,,1
2025-05-01 19:11:26,MM-DivideConquer-Par8,512,512,16322500,18.852602236177056,32,32768,1048576,33554432,64,,1
2025-05-01 19:11:26,MM-DivideConquer-Par4,512,512,16646000,18.486218911450198,32,32768,1048576,33554432,64,,1
2025-05-01 19:11:26,MM-CacheAware,512,512,136465800,2.254935668863554,32,32768,1048576,33554432,64,1MB,1
2025-05-01 19:11:34,MM-Simple,1024,1024,2716047300,1,32,32768,1048576,33554432,64,,1
2025-05-01 19:11:41,MM-DivideConquer,1024,1024,2159960200,1.2574524752817204,32,32768,1048576,33554432,64,,1
2025-05-01 19:11:43,MM-DivideConquer-Par8,1024,1024,108542900,25.022800201579283,32,32768,1048576,33554432,64,,1
2025-05-01 19:11:46,MM-DivideConquer-Par4,1024,1024,103670200,26.198920229728504,32,32768,1048576,33554432,64,,1
2025-05-01 19:11:50,MM-CacheAware,1024,1024,1073537000,2.529998779734653,32,32768,1048576,33554432,64,1MB,1
2025-05-01 19:13:28,MM-Simple,2048,2048,32365267700,1,32,32768,1048576,33554432,64,,1
2025-05-01 19:14:32,MM-DivideConquer,2048,2048,18034962200,1.794584726104943,32,32768,1048576,33554432,64,,1
2025-05-01 19:15:01,MM-DivideConquer-Par8,2048,2048,779614800,41.51443469261999,32,32768,1048576,33554432,64,,1
2025-05-01 19:15:30,MM-DivideConquer-Par4,2048,2048,708185200,45.70170020497463,32,32768,1048576,33554432,64,,1
2025-05-01 19:16:14,MM-CacheAware,2048,2048,8743264700,3.7017371440212714,32,32768,1048576,33554432,64,1MB,1
2025-05-01 19:16:18,MM-Simple,128,128,2559900,1,32,32768,1048576,33554432,64,,1
2025-05-01 19:16:18,MM-DivideConquer,128,128,2538600,1.008390451429922,32,32768,1048576,33554432,64,,1
2025-05-01 19:16:18,MM-DivideConquer-Par8,128,128,0,+Inf,32,32768,1048576,33554432,64,,1
2025-05-01 19:16:18,MM-DivideConquer-Par4,128,128,1073800,2.3839634941329857,32,32768,1048576,33554432,64,,1
2025-05-01 19:16:18,MM-CacheAware,128,128,2116100,1.2097254383063183,32,32768,1048576,33554432,64,1MB,1
2025-05-01 19:16:18,MM-Simple,256,256,20505200,1,32,32768,1048576,33554432,64,,1
2025-05-01 19:16:18,MM-DivideConquer,256,256,19298900,1.0625061532004414,32,32768,1048576,33554432,64,,1
2025-05-01 19:16:18,MM-DivideConquer-Par8,256,256,1506500,13.611151676070362,32,32768,1048576,33554432,64,,1
2025-05-01 19:16:18,MM-DivideConquer-Par4,256,256,1004300,20.417405157821367,32,32768,1048576,33554432,64,,1
2025-05-01 19:16:19,MM-CacheAware,256,256,16166600,1.2683681169819256,32,32768,1048576,33554432,64,1MB,1
2025-05-01 19:16:26,MM-Simple,512,512,295608600,1,32,32768,1048576,33554432,64,,1
2025-05-01 19:16:27,MM-DivideConquer,512,512,267021900,1.1070575110131415,32,32768,1048576,33554432,64,,1
2025-05-01 19:16:27,MM-DivideConquer-Par8,512,512,16148700,18.305411581117983,32,32768,1048576,33554432,64,,1
2025-05-01 19:16:27,MM-DivideConquer-Par4,512,512,15780200,18.732880445114763,32,32768,1048576,33554432,64,,1
2025-05-01 19:16:28,MM-CacheAware,512,512,132945500,2.2235321992846693,32,32768,1048576,33554432,64,1MB,1
2025-05-01 19:16:39,MM-Simple,1024,1024,2888487200,1,32,32768,1048576,33554432,64,,1
2025-05-01 19:16:45,MM-DivideConquer,1024,1024,2113903400,1.3664234609774506,32,32768,1048576,33554432,64,,1
2025-05-01 19:16:48,MM-DivideConquer-Par8,1024,1024,104023300,27.767694353092047,32,32768,1048576,33554432,64,,1
2025-05-01 19:16:50,MM-DivideConquer-Par4,1024,1024,100045200,28.871821936484707,32,32768,1048576,33554432,64,,1
2025-05-01 19:16:54,MM-CacheAware,1024,1024,1077474100,2.6807950186459237,32,32768,1048576,33554432,64,1MB,1
2025-05-01 19:18:24,MM-Simple,2048,2048,31659096500,1,32,32768,1048576,33554432,64,,1
2025-05-01 19:19:27,MM-DivideConquer,2048,2048,17607218500,1.7980748350456377,32,32768,1048576,33554432,64,,1
2025-05-01 19:19:55,MM-DivideConquer-Par8,2048,2048,816918200,38.75430428652465,32,32768,1048576,33554432,64,,1
2025-05-01 19:20:24,MM-DivideConquer-Par4,2048,2048,708872300,44.661212604865504,32,32768,1048576,33554432,64,,1
2025-05-01 19:21:09,MM-CacheAware,2048,2048,8847400400,3.5783501445238084,32,32768,1048576,33554432,64,1MB,1
2025-05-01 19:21:09,MM-Simple,128,128,1508800,1,32,32768,1048576,33554432,64,,1
2025-05-01 19:21:09,MM-DivideConquer,128,128,2517200,0.5993961544573335,32,32768,1048576,33554432,64,,1
2025-05-01 19:21:09,MM-DivideConquer-Par8,128,128,0,+Inf,32,32768,1048576,33554432,64,,1
2025-05-01 19:21:09,MM-DivideConquer-Par4,128,128,509700,2.9601726505787718,32,32768,1048576,33554432,64,,1
2025-05-01 19:21:09,MM-CacheAware,128,128,2012000,0.7499005964214712,32,32768,1048576,33554432,64,1MB,1
2025-05-01 19:21:09,MM-Simple,256,256,18753000,1,32,32768,1048576,33554432,64,,1
2025-05-01 19:21:09,MM-DivideConquer,256,256,20267400,0.9252790195091625,32,32768,1048576,33554432,64,,1
2025-05-01 19:21:09,MM-DivideConquer-Par8,256,256,2579900,7.268886390945386,32,32768,1048576,33554432,64,,1
2025-05-01 19:21:09,MM-DivideConquer-Par4,256,256,1512000,12.402777777777779,32,32768,1048576,33554432,64,,1
2025-05-01 19:21:09,MM-CacheAware,256,256,15698000,1.1946107784431137,32,32768,1048576,33554432,64,1MB,1
2025-05-01 19:21:10,MM-Simple,512,512,337829300,1,32,32768,1048576,33554432,64,,1
2025-05-01 19:21:11,MM-DivideConquer,512,512,265577100,1.2720573422934431,32,32768,1048576,33554432,64,,1
2025-05-01 19:21:11,MM-DivideConquer-Par8,512,512,18209400,18.552467406943666,32,32768,1048576,33554432,64,,1
2025-05-01 19:21:11,MM-DivideConquer-Par4,512,512,14145400,23.882626154085425,32,32768,1048576,33554432,64,,1
2025-05-01 19:21:12,MM-CacheAware,512,512,133883500,2.523307950568965,32,32768,1048576,33554432,64,1MB,1
2025-05-01 19:21:19,MM-Simple,1024,1024,2580005700,1,32,32768,1048576,33554432,64,,1
2025-05-01 19:21:26,MM-DivideConquer,1024,1024,2119058100,1.2175247578157484,32,32768,1048576,33554432,64,,1
2025-05-01 19:21:28,MM-DivideConquer-Par8,1024,1024,107758600,23.94245749295184,32,32768,1048576,33554432,64,,1
2025-05-01 19:21:30,MM-DivideConquer-Par4,1024,1024,100884400,25.57388159120736,32,32768,1048576,33554432,64,,1
2025-05-01 19:21:35,MM-CacheAware,1024,1024,1067870100,2.4160295339292674,32,32768,1048576,33554432,64,1MB,1
2025-05-01 19:23:04,MM-Simple,2048,2048,31669318000,1,32,32768,1048576,33554432,64,,1
2025-05-01 19:24:08,MM-DivideConquer,2048,2048,18070652200,1.75252767025199,32,32768,1048576,33554432,64,,1
2025-05-01 19:24:37,MM-DivideConquer-Par8,2048,2048,785809400,40.3015260443563,32,32768,1048576,33554432,64,,1
2025-05-01 19:25:06,MM-DivideConquer-Par4,2048,2048,711212900,44.528604585209294,32,32768,1048576,33554432,64,,1
2025-05-01 19:25:52,MM-CacheAware,2048,2048,8824954500,3.588609776968255,32,32768,1048576,33554432,64,1MB,1
2025-05-01 19:25:56,MM-Simple,128,128,3046200,1,32,32768,1048576,33554432,64,,1
2025-05-01 19:25:56,MM-DivideConquer,128,128,2582100,1.1797374230277682,32,32768,1048576,33554432,64,,1
2025-05-01 19:25:56,MM-DivideConquer-Par8,128,128,0,+Inf,32,32768,1048576,33554432,64,,1
2025-05-01 19:25:56,MM-DivideConquer-Par4,128,128,505100,6.030884973272619,32,32768,1048576,33554432,64,,1
2025-05-01 19:25:56,MM-CacheAware,128,128,2037700,1.4949207439760515,32,32768,1048576,33554432,64,1MB,1
2025-05-01 19:25:56,MM-Simple,256,256,20711200,1,32,32768,1048576,33554432,64,,1
2025-05-01 19:25:56,MM-DivideConquer,256,256,20203500,1.0251293092780953,32,32768,1048576,33554432,64,,1
2025-05-01 19:25:56,MM-DivideConquer-Par8,256,256,1507400,13.739684224492503,32,32768,1048576,33554432,64,,1
2025-05-01 19:25:56,MM-DivideConquer-Par4,256,256,1506400,13.748805098247477,32,32768,1048576,33554432,64,,1
2025-05-01 19:25:56,MM-CacheAware,256,256,17857000,1.1598364786918296,32,32768,1048576,33554432,64,1MB,1
2025-05-01 19:26:02,MM-Simple,512,512,333997500,1,32,32768,1048576,33554432,64,,1
2025-05-01 19:26:03,MM-DivideConquer,512,512,265698100,1.2570564110168647,32,32768,1048576,33554432,64,,1
2025-05-01 19:26:03,MM-DivideConquer-Par8,512,512,15746100,21.211442833463526,32,32768,1048576,33554432,64,,1
2025-05-01 19:26:03,MM-DivideConquer-Par4,512,512,16486700,20.258602388592017,32,32768,1048576,33554432,64,,1
2025-05-01 19:26:04,MM-CacheAware,512,512,133343300,2.5047940166472555,32,32768,1048576,33554432,64,1MB,1
2025-05-01 19:26:14,MM-Simple,1024,1024,2532015500,1,32,32768,1048576,33554432,64,,1
2025-05-01 19:26:20,MM-DivideConquer,1024,1024,2097061800,1.2074110071529605,32,32768,1048576,33554432,64,,1
2025-05-01 19:26:22,MM-DivideConquer-Par8,1024,1024,103237800,24.526050535753377,32,32768,1048576,33554432,64,,1
2025-05-01 19:26:25,MM-DivideConquer-Par4,1024,1024,103206800,24.53341737172357,32,32768,1048576,33554432,64,,1
2025-05-01 19:26:29,MM-CacheAware,1024,1024,1064009800,2.3796918975746277,32,32768,1048576,33554432,64,1MB,1
2025-05-01 19:28:02,MM-Simple,2048,2048,31072802300,1,32,32768,1048576,33554432,64,,1
2025-05-01 19:29:06,MM-DivideConquer,2048,2048,18120404300,1.7147963028617412,32,32768,1048576,33554432,64,,1
2025-05-01 19:29:34,MM-DivideConquer-Par8,2048,2048,757925900,40.99715064493772,32,32768,1048576,33554432,64,,1
2025-05-01 19:30:03,MM-DivideConquer-Par4,2048,2048,709326800,43.806045816963355,32,32768,1048576,33554432,64,,1
2025-05-01 19:30:48,MM-CacheAware,2048,2048,8830896600,3.5186463739140597,32,32768,1048576,33554432,64,1MB,1
2025-05-01 19:30:53,MM-Simple,128,128,2050800,1,32,32768,1048576,33554432,64,,1
2025-05-01 19:30:53,MM-DivideConquer,128,128,2530800,0.8103366524419156,32,32768,1048576,33554432,64,,1
2025-05-01 19:30:53,MM-DivideConquer-Par8,128,128,508900,4.02986834348595,32,32768,1048576,33554432,64,,1
2025-05-01 19:30:53,MM-DivideConquer-Par4,128,128,1023300,2.0041043682204633,32,32768,1048576,33554432,64,,1
2025-05-01 19:30:53,MM-CacheAware,128,128,2050200,1.0002926543751829,32,32768,1048576,33554432,64,1MB,1
2025-05-01 19:30:53,MM-Simple,256,256,21262300,1,32,32768,1048576,33554432,64,,1
2025-05-01 19:30:53,MM-DivideConquer,256,256,20684800,1.0279190516707921,32,32768,1048576,33554432,64,,1
2025-05-01 19:30:53,MM-DivideConquer-Par8,256,256,1532300,13.876068654963127,32,32768,1048576,33554432,64,,1
2025-05-01 19:30:53,MM-DivideConquer-Par4,256,256,2013400,10.560395351147314,32,32768,1048576,33554432,64,,1
2025-05-01 19:30:53,MM-CacheAware,256,256,17263300,1.2316474833896185,32,32768,1048576,33554432,64,1MB,1
2025-05-01 19:30:54,MM-Simple,512,512,315673300,1,32,32768,1048576,33554432,64,,1
2025-05-01 19:30:55,MM-DivideConquer,512,512,267295000,1.1809921622177744,32,32768,1048576,33554432,64,,1
2025-05-01 19:30:55,MM-DivideConquer-Par8,512,512,16660100,18.94786345820253,32,32768,1048576,33554432,64,,1
2025-05-01 19:30:56,MM-DivideConquer-Par4,512,512,16277700,19.392991638867898,32,32768,1048576,33554432,64,,1
2025-05-01 19:30:56,MM-CacheAware,512,512,132253200,2.386885912779426,32,32768,1048576,33554432,64,1MB,1
2025-05-01 19:31:06,MM-Simple,1024,1024,2932262600,1,32,32768,1048576,33554432,64,,1
2025-05-01 19:31:12,MM-DivideConquer,1024,1024,2089301400,1.4034655794515813,32,32768,1048576,33554432,64,,1
2025-05-01 19:31:14,MM-DivideConquer-Par8,1024,1024,105193300,27.8749939397281,32,32768,1048576,33554432,64,,1
2025-05-01 19:31:17,MM-DivideConquer-Par4,1024,1024,101555500,28.873498727296898,32,32768,1048576,33554432,64,,1
2025-05-01 19:31:21,MM-CacheAware,1024,1024,1059021300,2.7688419486935723,32,32768,1048576,33554432,64,1MB,1
2025-05-01 19:32:48,MM-Simple,2048,2048,31315235200,1,32,32768,1048576,33554432,64,,1
2025-05-01 19:33:50,MM-DivideConquer,2048,2048,17850701600,1.7542859603904868,32,32768,1048576,33554432,64,,1
2025-05-01 19:34:18,MM-DivideConquer-Par8,2048,2048,772035000,40.56193721787225,32,32768,1048576,33554432,64,,1
2025-05-01 19:34:47,MM-DivideConquer-Par4,2048,2048,698497900,44.83225389797163,32,32768,1048576,33554432,64,,1
2025-05-01 19:35:30,MM-CacheAware,2048,2048,8817814000,3.5513603711758948,32,32768,1048576,33554432,64,1MB,1
2025-05-01 19:35:31,MM-Simple,128,128,2061200,1,32,32768,1048576,33554432,64,,1
2025-05-01 19:35:31,MM-DivideConquer,128,128,2108700,0.9774742732489211,32,32768,1048576,33554432,64,,1
2025-05-01 19:35:31,MM-DivideConquer-Par8,128,128,517500,3.9829951690821255,32,32768,1048576,33554432,64,,1
2025-05-01 19:35:31,MM-DivideConquer-Par4,128,128,1002700,2.055649745686646,32,32768,1048576,33554432,64,,1
2025-05-01 19:35:31,MM-CacheAware,128,128,1004800,2.051353503184713,32,32768,1048576,33554432,64,1MB,1
2025-05-01 19:35:31,MM-Simple,256,256,21550700,1,32,32768,1048576,33554432,64,,1
2025-05-01 19:35:32,MM-DivideConquer,256,256,20290900,1.062086945379456,32,32768,1048576,33554432,64,,1
2025-05-01 19:35:32,MM-DivideConquer-Par8,256,256,2525800,8.532227413096841,32,32768,1048576,33554432,64,,1
2025-05-01 19:35:32,MM-DivideConquer-Par4,256,256,2511400,8.581149956199729,32,32768,1048576,33554432,64,,1
2025-05-01 19:35:32,MM-CacheAware,256,256,17259400,1.24863552614807,32,32768,1048576,33554432,64,1MB,1
2025-05-01 19:35:33,MM-Simple,512,512,314254800,1,32,32768,1048576,33554432,64,,1
2025-05-01 19:35:33,MM-DivideConquer,512,512,266401100,1.1796302642894492,32,32768,1048576,33554432,64,,1
2025-05-01 19:35:34,MM-DivideConquer-Par8,512,512,16606500,18.923602203956282,32,32768,1048576,33554432,64,,1
2025-05-01 19:35:34,MM-DivideConquer-Par4,512,512,15463900,20.32183343141122,32,32768,1048576,33554432,64,,1
2025-05-01 19:35:34,MM-CacheAware,512,512,134959100,2.328518788284747,32,32768,1048576,33554432,64,1MB,1
2025-05-01 19:35:45,MM-Simple,1024,1024,2580659600,1,32,32768,1048576,33554432,64,,1
2025-05-01 19:35:52,MM-DivideConquer,1024,1024,2076739400,1.2426497036652746,32,32768,1048576,33554432,64,,1
2025-05-01 19:35:54,MM-DivideConquer-Par8,1024,1024,106161300,24.30885454492362,32,32768,1048576,33554432,64,,1
2025-05-01 19:35:56,MM-DivideConquer-Par4,1024,1024,99479600,25.941596065927083,32,32768,1048576,33554432,64,,1
2025-05-01 19:36:01,MM-CacheAware,1024,1024,1061630600,2.430845154614044,32,32768,1048576,33554432,64,1MB,1
2025-05-01 19:37:28,MM-Simple,2048,2048,31403293100,1,32,32768,1048576,33554432,64,,1
2025-05-01 19:38:32,MM-DivideConquer,2048,2048,18013205300,1.7433484256130696,32,32768,1048576,33554432,64,,1
2025-05-01 19:39:00,MM-DivideConquer-Par8,2048,2048,805090400,39.00592169525311,32,32768,1048576,33554432,64,,1
2025-05-01 19:39:29,MM-DivideConquer-Par4,2048,2048,710366400,44.20717688787082,32,32768,1048576,33554432,64,,1
2025-05-01 19:40:14,MM-CacheAware,2048,2048,8885225400,3.5343271201651225,32,32768,1048576,33554432,64,1MB,1
2025-05-01 19:40:14,MM-Simple,128,128,1998400,1,32,32768,1048576,33554432,64,,1
2025-05-01 19:40:14,MM-DivideConquer,128,128,2504900,0.7977963192143399,32,32768,1048576,33554432,64,,1
2025-05-01 19:40:14,MM-DivideConquer-Par8,128,128,0,+Inf,32,32768,1048576,33554432,64,,1
2025-05-01 19:40:14,MM-DivideConquer-Par4,128,128,1502500,1.3300499168053244,32,32768,1048576,33554432,64,,1
2025-05-01 19:40:14,MM-CacheAware,128,128,2506700,0.7972234411776439,32,32768,1048576,33554432,64,1MB,1
2025-05-01 19:40:14,MM-Simple,256,256,19573000,1,32,32768,1048576,33554432,64,,1
2025-05-01 19:40:14,MM-DivideConquer,256,256,20610000,0.9496846191169336,32,32768,1048576,33554432,64,,1
2025-05-01 19:40:14,MM-DivideConquer-Par8,256,256,1003400,19.506677297189555,32,32768,1048576,33554432,64,,1
2025-05-01 19:40:14,MM-DivideConquer-Par4,256,256,2213400,8.842956537453691,32,32768,1048576,33554432,64,,1
2025-05-01 19:40:14,MM-CacheAware,256,256,16211600,1.207345357645143,32,32768,1048576,33554432,64,1MB,1
2025-05-01 19:40:15,MM-Simple,512,512,294626200,1,32,32768,1048576,33554432,64,,1
2025-05-01 19:40:16,MM-DivideConquer,512,512,264595700,1.1134957975507538,32,32768,1048576,33554432,64,,1
2025-05-01 19:40:16,MM-DivideConquer-Par8,512,512,17199600,17.12982860066513,32,32768,1048576,33554432,64,,1
2025-05-01 19:40:16,MM-DivideConquer-Par4,512,512,16361800,18.006955224975247,32,32768,1048576,33554432,64,,1
2025-05-01 19:40:17,MM-CacheAware,512,512,132395100,2.225355772230241,32,32768,1048576,33554432,64,1MB,1
2025-05-01 19:40:24,MM-Simple,1024,1024,2499627900,1,32,32768,1048576,33554432,64,,1
2025-05-01 19:40:30,MM-DivideConquer,1024,1024,2081792000,1.2007097250830054,32,32768,1048576,33554432,64,,1
2025-05-01 19:40:33,MM-DivideConquer-Par8,1024,1024,102708000,24.33722689566538,32,32768,1048576,33554432,64,,1
2025-05-01 19:40:35,MM-DivideConquer-Par4,1024,1024,100287600,24.924595862300023,32,32768,1048576,33554432,64,,1
2025-05-01 19:40:39,MM-CacheAware,1024,1024,1068315000,2.3397854565366956,32,32768,1048576,33554432,64,1MB,1
2025-05-01 19:42:09,MM-Simple,2048,2048,32264061200,1,32,32768,1048576,33554432,64,,1
2025-05-01 19:43:12,MM-DivideConquer,2048,2048,17983882200,1.7940543004668925,32,32768,1048576,33554432,64,,1
2025-05-01 19:43:41,MM-DivideConquer-Par8,2048,2048,814069100,39.63307439135081,32,32768,1048576,33554432,64,,1
2025-05-01 19:44:09,MM-DivideConquer-Par4,2048,2048,722152200,44.67764717742326,32,32768,1048576,33554432,64,,1
2025-05-01 19:44:54,MM-CacheAware,2048,2048,8839041200,3.650176582500826,32,32768,1048576,33554432,64,1MB,1
2025-05-01 19:44:54,MM-Simple,128,128,2501700,1,32,32768,1048576,33554432,64,,1
2025-05-01 19:44:54,MM-DivideConquer,128,128,2506700,0.9980053456735948,32,32768,1048576,33554432,64,,1
2025-05-01 19:44:54,MM-DivideConquer-Par8,128,128,0,+Inf,32,32768,1048576,33554432,64,,1
2025-05-01 19:44:54,MM-DivideConquer-Par4,128,128,1502700,1.6648033539628668,32,32768,1048576,33554432,64,,1
2025-05-01 19:44:54,MM-CacheAware,128,128,2506600,0.9980451607755525,32,32768,1048576,33554432,64,1MB,1
2025-05-01 19:44:54,MM-Simple,256,256,20071200,1,32,32768,1048576,33554432,64,,1
2025-05-01 19:44:54,MM-DivideConquer,256,256,20563900,0.9760405370576593,32,32768,1048576,33554432,64,,1
2025-05-01 19:44:54,MM-DivideConquer-Par8,256,256,3250800,6.174234034699151,32,32768,1048576,33554432,64,,1
2025-05-01 19:44:54,MM-DivideConquer-Par4,256,256,2001900,10.026075228532894,32,32768,1048576,33554432,64,,1
2025-05-01 19:44:54,MM-CacheAware,256,256,17703600,1.1337355114214058,32,32768,1048576,33554432,64,1MB,1
2025-05-01 19:44:55,MM-Simple,512,512,303620600,1,32,32768,1048576,33554432,64,,1
2025-05-01 19:44:56,MM-DivideConquer,512,512,264577500,1.1475677259026182,32,32768,1048576,33554432,64,,1
2025-05-01 19:44:56,MM-DivideConquer-Par8,512,512,16558800,18.335905983525375,32,32768,1048576,33554432,64,,1
2025-05-01 19:44:57,MM-DivideConquer-Par4,512,512,14506700,20.929680768196764,32,32768,1048576,33554432,64,,1
2025-05-01 19:44:57,MM-CacheAware,512,512,132855100,2.285351484436804,32,32768,1048576,33554432,64,1MB,1
2025-05-01 19:45:04,MM-Simple,1024,1024,2613214200,1,32,32768,1048576,33554432,64,,1
2025-05-01 19:45:11,MM-DivideConquer,1024,1024,2094557300,1.2476212515169673,32,32768,1048576,33554432,64,,1
2025-05-01 19:45:13,MM-DivideConquer-Par8,1024,1024,107029700,24.41578552495242,32,32768,1048576,33554432,64,,1
2025-05-01 19:45:15,MM-DivideConquer-Par4,1024,1024,104069800,25.11020680351072,32,32768,1048576,33554432,64,,1
2025-05-01 19:45:19,MM-CacheAware,1024,1024,1074202200,2.4327023348118257,32,32768,1048576,33554432,64,1MB,1
2025-05-01 19:46:47,MM-Simple,2048,2048,31690456500,1,32,32768,1048576,33554432,64,,1
2025-05-01 19:47:49,MM-DivideConquer,2048,2048,17854132400,1.7749647975053664,32,32768,1048576,33554432,64,,1
2025-05-01 19:48:17,MM-DivideConquer-Par8,2048,2048,748654900,42.329859191464585,32,32768,1048576,33554432,64,,1
2025-05-01 19:48:44,MM-DivideConquer-Par4,2048,2048,719272100,44.05906540793116,32,32768,1048576,33554432,64,,1
2025-05-01 19:49:29,MM-CacheAware,2048,2048,8811465600,3.5965023230641675,32,32768,1048576,33554432,64,1MB,1
2025-05-01 19:49:29,MM-Simple,128,128,1508400,1,32,32768,1048576,33554432,64,,1
2025-05-01 19:49:29,MM-DivideConquer,128,128,2518600,0.598904153100929,32,32768,1048576,33554432,64,,1
2025-05-01 19:49:29,MM-DivideConquer-Par8,128,128,549800,2.7435431065842124,32,32768,1048576,33554432,64,,1
2025-05-01 19:49:29,MM-DivideConquer-Par4,128,128,1014900,1.4862548034289091,32,32768,1048576,33554432,64,,1
2025-05-01 19:49:29,MM-CacheAware,128,128,1504600,1.0025255881961983,32,32768,1048576,33554432,64,1MB,1
2025-05-01 19:49:29,MM-Simple,256,256,20213200,1,32,32768,1048576,33554432,64,,1
2025-05-01 19:49:30,MM-DivideConquer,256,256,20435200,0.9891363921077356,32,32768,1048576,33554432,64,,1
2025-05-01 19:49:30,MM-DivideConquer-Par8,256,256,2576300,7.845825408531615,32,32768,1048576,33554432,64,,1
2025-05-01 19:49:30,MM-DivideConquer-Par4,256,256,2515400,8.035779597678301,32,32768,1048576,33554432,64,,1
2025-05-01 19:49:30,MM-CacheAware,256,256,18691400,1.0814171223129354,32,32768,1048576,33554432,64,1MB,1
2025-05-01 19:49:31,MM-Simple,512,512,331394100,1,32,32768,1048576,33554432,64,,1
2025-05-01 19:49:31,MM-DivideConquer,512,512,267924800,1.2368922175177512,32,32768,1048576,33554432,64,,1
2025-05-01 19:49:32,MM-DivideConquer-Par8,512,512,17159800,19.312235573841185,32,32768,1048576,33554432,64,,1
2025-05-01 19:49:32,MM-DivideConquer-Par4,512,512,14975200,22.129527485442598,32,32768,1048576,33554432,64,,1
2025-05-01 19:49:32,MM-CacheAware,512,512,131931000,2.511874388885099,32,32768,1048576,33554432,64,1MB,1
2025-05-01 19:49:40,MM-Simple,1024,1024,2827410000,1,32,32768,1048576,33554432,64,,1
2025-05-01 19:49:47,MM-DivideConquer,1024,1024,2097560000,1.3479519060241423,32,32768,1048576,33554432,64,,1
2025-05-01 19:49:49,MM-DivideConquer-Par8,1024,1024,105273900,26.8576541763913,32,32768,1048576,33554432,64,,1
2025-05-01 19:49:51,MM-DivideConquer-Par4,1024,1024,103899600,27.212905535728723,32,32768,1048576,33554432,64,,1
2025-05-01 19:49:56,MM-CacheAware,1024,1024,1067239400,2.649274380237461,32,32768,1048576,33554432,64,1MB,1
2025-05-01 19:51:23,MM-Simple,2048,2048,31509774800,1,32,32768,1048576,33554432,64,,1
2025-05-01 19:52:26,MM-DivideConquer,2048,2048,17985158900,1.7519875679274648,32,32768,1048576,33554432,64,,1
2025-05-01 19:52:54,MM-DivideConquer-Par8,2048,2048,817617800,38.53851371631097,32,32768,1048576,33554432,64,,1
2025-05-01 19:53:23,MM-DivideConquer-Par4,2048,2048,706827300,44.57917061211416,32,32768,1048576,33554432,64,,1
2025-05-01 19:54:07,MM-CacheAware,2048,2048,8801670800,3.5799765199125604,32,32768,1048576,33554432,64,1MB,1
2025-05-01 19:54:07,MM-Simple,128,128,2518000,1,32,32768,1048576,33554432,64,,1
2025-05-01 19:54:07,MM-DivideConquer,128,128,2522300,0.9982952067557388,32,32768,1048576,33554432,64,,1
2025-05-01 19:54:07,MM-DivideConquer-Par8,128,128,507600,4.96059889676911,32,32768,1048576,33554432,64,,1
2025-05-01 19:54:07,MM-DivideConquer-Par4,128,128,502600,5.009948269001193,32,32768,1048576,33554432,64,,1
2025-05-01 19:54:07,MM-CacheAware,128,128,1016600,2.476883730080661,32,32768,1048576,33554432,64,1MB,1
2025-05-01 19:54:07,MM-Simple,256,256,20247400,1,32,32768,1048576,33554432,64,,1
2025-05-01 19:54:07,MM-DivideConquer,256,256,20192300,1.0027287629442907,32,32768,1048576,33554432,64,,1
2025-05-01 19:54:07,MM-DivideConquer-Par8,256,256,3047300,6.644373707872543,32,32768,1048576,33554432,64,,1
2025-05-01 19:54:07,MM-DivideConquer-Par4,256,256,1514300,13.370798388694446,32,32768,1048576,33554432,64,,1
2025-05-01 19:54:07,MM-CacheAware,256,256,18211700,1.1117797899152742,32,32768,1048576,33554432,64,1MB,1
2025-05-01 19:54:08,MM-Simple,512,512,323921000,1,32,32768,1048576,33554432,64,,1
2025-05-01 19:54:09,MM-DivideConquer,512,512,264597700,1.2242018732589135,32,32768,1048576,33554432,64,,1
2025-05-01 19:54:09,MM-DivideConquer-Par8,512,512,16701700,19.39449277618446,32,32768,1048576,33554432,64,,1
2025-05-01 19:54:09,MM-DivideConquer-Par4,512,512,15948500,20.310436718186665,32,32768,1048576,33554432,64,,1
2025-05-01 19:54:10,MM-CacheAware,512,512,134389900,2.4103076198434557,32,32768,1048576,33554432,64,1MB,1
2025-05-01 19:54:17,MM-Simple,1024,1024,2653804700,1,32,32768,1048576,33554432,64,,1
2025-05-01 19:54:24,MM-DivideConquer,1024,1024,2102515700,1.2622044629678628,32,32768,1048576,33554432,64,,1
2025-05-01 19:54:26,MM-DivideConquer-Par8,1024,1024,104836800,25.31367515986753,32,32768,1048576,33554432,64,,1
2025-05-01 19:54:29,MM-DivideConquer-Par4,1024,1024,104820800,25.31753907621388,32,32768,1048576,33554432,64,,1
2025-05-01 19:54:33,MM-CacheAware,1024,1024,1062623700,2.4974077841478595,32,32768,1048576,33554432,64,1MB,1
2025-05-01 19:56:01,MM-Simple,2048,2048,31630208400,1,32,32768,1048576,33554432,64,,1
2025-05-01 19:57:05,MM-DivideConquer,2048,2048,17598497300,1.7973243885999288,32,32768,1048576,33554432,64,,1
2025-05-01 19:57:33,MM-DivideConquer-Par8,2048,2048,827950600,38.20301404455773,32,32768,1048576,33554432,64,,1
2025-05-01 19:58:02,MM-DivideConquer-Par4,2048,2048,713378600,44.338600008466756,32,32768,1048576,33554432,64,,1
2025-05-01 19:58:46,MM-CacheAware,2048,2048,8822917000,3.585005775300844,32,32768,1048576,33554432,64,1MB,1
2025-05-01 19:58:46,MM-Simple,128,128,3038300,1,32,32768,1048576,33554432,64,,1
2025-05-01 19:58:46,MM-DivideConquer,128,128,2521300,1.2050529488755801,32,32768,1048576,33554432,64,,1
2025-05-01 19:58:46,MM-DivideConquer-Par8,128,128,0,+Inf,32,32768,1048576,33554432,64,,1
2025-05-01 19:58:46,MM-DivideConquer-Par4,128,128,2206800,1.37678992205909,32,32768,1048576,33554432,64,,1
2025-05-01 19:58:46,MM-CacheAware,128,128,3207200,0.9473372412072836,32,32768,1048576,33554432,64,1MB,1
2025-05-01 19:58:46,MM-Simple,256,256,20659400,1,32,32768,1048576,33554432,64,,1
2025-05-01 19:58:46,MM-DivideConquer,256,256,20186200,1.0234417572400947,32,32768,1048576,33554432,64,,1
2025-05-01 19:58:46,MM-DivideConquer-Par8,256,256,3058900,6.753865768740397,32,32768,1048576,33554432,64,,1
2025-05-01 19:58:46,MM-DivideConquer-Par4,256,256,2532300,8.158354065474075,32,32768,1048576,33554432,64,,1
2025-05-01 19:58:46,MM-CacheAware,256,256,17751900,1.1637852849554131,32,32768,1048576,33554432,64,1MB,1
2025-05-01 19:58:47,MM-Simple,512,512,312045900,1,32,32768,1048576,33554432,64,,1
2025-05-01 19:58:48,MM-DivideConquer,512,512,265398600,1.1757631728275884,32,32768,1048576,33554432,64,,1
2025-05-01 19:58:48,MM-DivideConquer-Par8,512,512,18481200,16.884504252970586,32,32768,1048576,33554432,64,,1
2025-05-01 19:58:49,MM-DivideConquer-Par4,512,512,15450700,20.196230591494235,32,32768,1048576,33554432,64,,1
2025-05-01 19:58:49,MM-CacheAware,512,512,132012400,2.363762040535586,32,32768,1048576,33554432,64,1MB,1
2025-05-01 19:58:56,MM-Simple,1024,1024,2603423400,1,32,32768,1048576,33554432,64,,1
2025-05-01 19:59:03,MM-DivideConquer,1024,1024,2123212800,1.2261716771865732,32,32768,1048576,33554432,64,,1
2025-05-01 19:59:05,MM-DivideConquer-Par8,1024,1024,104771600,24.84856010598292,32,32768,1048576,33554432,64,,1
2025-05-01 19:59:07,MM-DivideConquer-Par4,1024,1024,104102600,25.008245711442367,32,32768,1048576,33554432,64,,1
2025-05-01 19:59:12,MM-CacheAware,1024,1024,1069053200,2.435260845765206,32,32768,1048576,33554432,64,1MB,1
2025-05-01 20:00:39,MM-Simple,2048,2048,31431793800,1,32,32768,1048576,33554432,64,,1
2025-05-01 20:01:43,MM-DivideConquer,2048,2048,18045517000,1.741806222564862,32,32768,1048576,33554432,64,,1
2025-05-01 20:02:12,MM-DivideConquer-Par8,2048,2048,781735200,40.20772481525714,32,32768,1048576,33554432,64,,1
2025-05-01 20:02:40,MM-DivideConquer-Par4,2048,2048,708325200,44.37480665660349,32,32768,1048576,33554432,64,,1
2025-05-01 20:03:25,MM-CacheAware,2048,2048,8784529300,3.5780851456662566,32,32768,1048576,33554432,64,1MB,1
2025-05-01 20:03:25,MM-Simple,128,128,3017500,1,32,32768,1048576,33554432,64,,1
2025-05-01 20:03:25,MM-DivideConquer,128,128,2533900,1.1908520462528118,32,32768,1048576,33554432,64,,1
2025-05-01 20:03:25,MM-DivideConquer-Par8,128,128,503200,5.996621621621622,32,32768,1048576,33554432,64,,1
2025-05-01 20:03:25,MM-DivideConquer-Par4,128,128,501900,6.012153815501096,32,32768,1048576,33554432,64,,1
2025-05-01 20:03:25,MM-CacheAware,128,128,2017800,1.4954405788482505,32,32768,1048576,33554432,64,1MB,1
2025-05-01 20:03:25,MM-Simple,256,256,20244900,1,32,32768,1048576,33554432,64,,1
2025-05-01 20:03:25,MM-DivideConquer,256,256,20246800,0.9999061580101547,32,32768,1048576,33554432,64,,1
2025-05-01 20:03:25,MM-DivideConquer-Par8,256,256,1509600,13.41077106518283,32,32768,1048576,33554432,64,,1
2025-05-01 20:03:25,MM-DivideConquer-Par4,256,256,2014400,10.050089356632247,32,32768,1048576,33554432,64,,1
2025-05-01 20:03:25,MM-CacheAware,256,256,16747400,1.2088383868540789,32,32768,1048576,33554432,64,1MB,1
2025-05-01 20:03:26,MM-Simple,512,512,356989400,1,32,32768,1048576,33554432,64,,1
2025-05-01 20:03:27,MM-DivideConquer,512,512,266891900,1.3375804960735038,32,32768,1048576,33554432,64,,1
2025-05-01 20:03:27,MM-DivideConquer-Par8,512,512,20217500,17.657445282552246,32,32768,1048576,33554432,64,,1
2025-05-01 20:03:27,MM-DivideConquer-Par4,512,512,15304500,23.325779999346597,32,32768,1048576,33554432,64,,1
2025-05-01 20:03:28,MM-CacheAware,512,512,134194200,2.6602446305428997,32,32768,1048576,33554432,64,1MB,1
2025-05-01 20:03:36,MM-Simple,1024,1024,2968147600,1,32,32768,1048576,33554432,64,,1
2025-05-01 20:03:42,MM-DivideConquer,1024,1024,2097058100,1.4153864406522643,32,32768,1048576,33554432,64,,1
2025-05-01 20:03:44,MM-DivideConquer-Par8,1024,1024,101550700,29.22823377879227,32,32768,1048576,33554432,64,,1
2025-05-01 20:03:47,MM-DivideConquer-Par4,1024,1024,100742600,29.46268609307284,32,32768,1048576,33554432,64,,1
2025-05-01 20:03:51,MM-CacheAware,1024,1024,1057602900,2.806485874802348,32,32768,1048576,33554432,64,1MB,1
2025-05-01 20:05:19,MM-Simple,2048,2048,31941225500,1,32,32768,1048576,33554432,64,,1
2025-05-01 20:06:22,MM-DivideConquer,2048,2048,17336127800,1.8424659686691973,32,32768,1048576,33554432,64,,1
2025-05-01 20:06:50,MM-DivideConquer-Par8,2048,2048,804655100,39.69554844056789,32,32768,1048576,33554432,64,,1
2025-05-01 20:07:18,MM-DivideConquer-Par4,2048,2048,703433700,45.40758496500808,32,32768,1048576,33554432,64,,1
2025-05-01 20:08:02,MM-CacheAware,2048,2048,8717585100,3.6639992765886507,32,32768,1048576,33554432,64,1MB,1
2025-05-01 20:08:02,MM-Simple,128,128,2016000,1,32,32768,1048576,33554432,64,,1
2025-05-01 20:08:02,MM-DivideConquer,128,128,1506900,1.3378459088194306,32,32768,1048576,33554432,64,,1
2025-05-01 20:08:02,MM-DivideConquer-Par8,128,128,513600,3.925233644859813,32,32768,1048576,33554432,64,,1
2025-05-01 20:08:02,MM-DivideConquer-Par4,128,128,1508700,1.3362497514416385,32,32768,1048576,33554432,64,,1
2025-05-01 20:08:02,MM-CacheAware,128,128,2019200,0.9984152139461173,32,32768,1048576,33554432,64,1MB,1
2025-05-01 20:08:02,MM-Simple,256,256,21138600,1,32,32768,1048576,33554432,64,,1
2025-05-01 20:08:02,MM-DivideConquer,256,256,19685700,1.0738048431094653,32,32768,1048576,33554432,64,,1
2025-05-01 20:08:02,MM-DivideConquer-Par8,256,256,2517200,8.397664071190212,32,32768,1048576,33554432,64,,1
2025-05-01 20:08:02,MM-DivideConquer-Par4,256,256,2033600,10.394669551534225,32,32768,1048576,33554432,64,,1
2025-05-01 20:08:02,MM-CacheAware,256,256,17256100,1.224992901061074,32,32768,1048576,33554432,64,1MB,1
2025-05-01 20:08:03,MM-Simple,512,512,348193200,1,32,32768,1048576,33554432,64,,1
2025-05-01 20:08:04,MM-DivideConquer,512,512,266449400,1.3067892065060007,32,32768,1048576,33554432,64,,1
2025-05-01 20:08:04,MM-DivideConquer-Par8,512,512,18276400,19.051519992996433,32,32768,1048576,33554432,64,,1
2025-05-01 20:08:04,MM-DivideConquer-Par4,512,512,16146800,21.564223251665965,32,32768,1048576,33554432,64,,1
2025-05-01 20:08:05,MM-CacheAware,512,512,134857000,2.581943836804912,32,32768,1048576,33554432,64,1MB,1
2025-05-01 20:08:12,MM-Simple,1024,1024,2654982300,1,32,32768,1048576,33554432,64,,1
2025-05-01 20:08:19,MM-DivideConquer,1024,1024,2086222400,1.272626686397385,32,32768,1048576,33554432,64,,1
2025-05-01 20:08:21,MM-DivideConquer-Par8,1024,1024,105170900,25.244457354648482,32,32768,1048576,33554432,64,,1
2025-05-01 20:08:24,MM-DivideConquer-Par4,1024,1024,104614100,25.37881891637934,32,32768,1048576,33554432,64,,1
2025-05-01 20:08:28,MM-CacheAware,1024,1024,1076913200,2.4653633180464314,32,32768,1048576,33554432,64,1MB,1
2025-05-01 20:09:55,MM-Simple,2048,2048,31183623100,1,32,32768,1048576,33554432,64,,1
2025-05-01 20:10:58,MM-DivideConquer,2048,2048,17948239600,1.7374195907213095,32,32768,1048576,33554432,64,,1
2025-05-01 20:11:27,MM-DivideConquer-Par8,2048,2048,833203900,37.42616075128789,32,32768,1048576,33554432,64,,1
2025-05-01 20:11:55,MM-DivideConquer-Par4,2048,2048,708391600,44.020317434594084,32,32768,1048576,33554432,64,,1
2025-05-01 20:12:39,MM-CacheAware,2048,2048,8762879600,3.558604536800894,32,32768,1048576,33554432,64,1MB,1
2025-05-01 20:12:39,MM-Simple,128,128,2528100,1,32,32768,1048576,33554432,64,,1
2025-05-01 20:12:39,MM-DivideConquer,128,128,2568900,0.9841177157538246,32,32768,1048576,33554432,64,,1
2025-05-01 20:12:39,MM-DivideConquer-Par8,128,128,0,+Inf,32,32768,1048576,33554432,64,,1
2025-05-01 20:12:39,MM-DivideConquer-Par4,128,128,1505800,1.6789082215433657,32,32768,1048576,33554432,64,,1
2025-05-01 20:12:39,MM-CacheAware,128,128,1022600,2.472227654997066,32,32768,1048576,33554432,64,1MB,1
2025-05-01 20:12:39,MM-Simple,256,256,20450000,1,32,32768,1048576,33554432,64,,1
2025-05-01 20:12:39,MM-DivideConquer,256,256,20252100,1.009771826131611,32,32768,1048576,33554432,64,,1
2025-05-01 20:12:40,MM-DivideConquer-Par8,256,256,2069900,9.879704333542684,32,32768,1048576,33554432,64,,1
2025-05-01 20:12:40,MM-DivideConquer-Par4,256,256,1505600,13.582624867162593,32,32768,1048576,33554432,64,,1
2025-05-01 20:12:40,MM-CacheAware,256,256,16414200,1.2458724762705462,32,32768,1048576,33554432,64,1MB,1
2025-05-01 20:12:41,MM-Simple,512,512,356200400,1,32,32768,1048576,33554432,64,,1
2025-05-01 20:12:41,MM-DivideConquer,512,512,270373700,1.3174373099158683,32,32768,1048576,33554432,64,,1
2025-05-01 20:12:42,MM-DivideConquer-Par8,512,512,15211000,23.417290118992835,32,32768,1048576,33554432,64,,1
2025-05-01 20:12:42,MM-DivideConquer-Par4,512,512,14592600,24.409659690528077,32,32768,1048576,33554432,64,,1
2025-05-01 20:12:43,MM-CacheAware,512,512,133069800,2.676793682713884,32,32768,1048576,33554432,64,1MB,1
2025-05-01 20:12:50,MM-Simple,1024,1024,2649755300,1,32,32768,1048576,33554432,64,,1
2025-05-01 20:12:56,MM-DivideConquer,1024,1024,2086470600,1.2699701112491113,32,32768,1048576,33554432,64,,1
2025-05-01 20:12:59,MM-DivideConquer-Par8,1024,1024,100993100,26.236993418362246,32,32768,1048576,33554432,64,,1
2025-05-01 20:13:01,MM-DivideConquer-Par4,1024,1024,103957600,25.48880793708204,32,32768,1048576,33554432,64,,1
2025-05-01 20:13:05,MM-CacheAware,1024,1024,1056183700,2.508801546549147,32,32768,1048576,33554432,64,1MB,1
2025-05-01 20:14:32,MM-Simple,2048,2048,31381549500,1,32,32768,1048576,33554432,64,,1
2025-05-01 20:15:35,MM-DivideConquer,2048,2048,17877302500,1.7553850476043575,32,32768,1048576,33554432,64,,1
2025-05-01 20:16:02,MM-DivideConquer-Par8,2048,2048,804954800,38.985480302744946,32,32768,1048576,33554432,64,,1
2025-05-01 20:16:30,MM-DivideConquer-Par4,2048,2048,713173600,44.00267971220472,32,32768,1048576,33554432,64,,1
2025-05-01 20:17:13,MM-CacheAware,2048,2048,8767439800,3.5793287682454347,32,32768,1048576,33554432,64,1MB,1
2025-05-01 20:17:13,MM-Simple,128,128,2507900,1,32,32768,1048576,33554432,64,,1
2025-05-01 20:17:13,MM-DivideConquer,128,128,1005900,2.4931901779500945,32,32768,1048576,33554432,64,,1
2025-05-01 20:17:13,MM-DivideConquer-Par8,128,128,0,+Inf,32,32768,1048576,33554432,64,,1
2025-05-01 20:17:13,MM-DivideConquer-Par4,128,128,1502500,1.669151414309484,32,32768,1048576,33554432,64,,1
2025-05-01 20:17:13,MM-CacheAware,128,128,2007500,1.2492652552926526,32,32768,1048576,33554432,64,1MB,1
2025-05-01 20:17:13,MM-Simple,256,256,20623400,1,32,32768,1048576,33554432,64,,1
2025-05-01 20:17:13,MM-DivideConquer,256,256,19076200,1.0811062999968548,32,32768,1048576,33554432,64,,1
2025-05-01 20:17:13,MM-DivideConquer-Par8,256,256,2509500,8.21813110181311,32,32768,1048576,33554432,64,,1
2025-05-01 20:17:13,MM-DivideConquer-Par4,256,256,1502700,13.724229719837625,32,32768,1048576,33554432,64,,1
2025-05-01 20:17:14,MM-CacheAware,256,256,17566100,1.1740454625671037,32,32768,1048576,33554432,64,1MB,1
2025-05-01 20:17:14,MM-Simple,512,512,291430800,1,32,32768,1048576,33554432,64,,1
2025-05-01 20:17:15,MM-DivideConquer,512,512,267898500,1.0878403574488098,32,32768,1048576,33554432,64,,1
2025-05-01 20:17:16,MM-DivideConquer-Par8,512,512,17529000,16.625637514975185,32,32768,1048576,33554432,64,,1
2025-05-01 20:17:16,MM-DivideConquer-Par4,512,512,16663900,17.488751132688027,32,32768,1048576,33554432,64,,1
2025-05-01 20:17:16,MM-CacheAware,512,512,292148100,0.9975447384391684,32,32768,1048576,33554432,64,1MB,1
2025-05-01 20:17:23,MM-Simple,1024,1024,2490166500,1,32,32768,1048576,33554432,64,,1
2025-05-01 20:17:30,MM-DivideConquer,1024,1024,2081175200,1.1965193992317418,32,32768,1048576,33554432,64,,1
2025-05-01 20:17:32,MM-DivideConquer-Par8,1024,1024,110738900,22.486827122176578,32,32768,1048576,33554432,64,,1
2025-05-01 20:17:34,MM-DivideConquer-Par4,1024,1024,101764800,24.46982158860431,32,32768,1048576,33554432,64,,1
2025-05-01 20:17:38,MM-CacheAware,1024,1024,1057318600,2.355171374077785,32,32768,1048576,33554432,64,1MB,1
2025-05-01 20:19:05,MM-Simple,2048,2048,31041873500,1,32,32768,1048576,33554432,64,,1
2025-05-01 20:20:08,MM-DivideConquer,2048,2048,17896503000,1.734521738688279,32,32768,1048576,33554432,64,,1
2025-05-01 20:20:36,MM-DivideConquer-Par8,2048,2048,814757100,38.09954340993162,32,32768,1048576,33554432,64,,1
2025-05-01 20:21:04,MM-DivideConquer-Par4,2048,2048,705895000,43.97519956934105,32,32768,1048576,33554432,64,,1
2025-05-01 20:21:48,MM-CacheAware,2048,2048,8747055600,3.5488368794637593,32,32768,1048576,33554432,64,1MB,1
2025-05-01 20:21:48,MM-Simple,128,128,2505000,1,32,32768,1048576,33554432,64,,1
2025-05-01 20:21:48,MM-DivideConquer,128,128,1501700,1.6681094759272823,32,32768,1048576,33554432,64,,1
2025-05-01 20:21:48,MM-DivideConquer-Par8,128,128,1003500,2.4962630792227203,32,32768,1048576,33554432,64,,1
2025-05-01 20:21:48,MM-DivideConquer-Par4,128,128,1004400,2.494026284348865,32,32768,1048576,33554432,64,,1
2025-05-01 20:21:48,MM-CacheAware,128,128,1503600,1.6660015961691939,32,32768,1048576,33554432,64,1MB,1
2025-05-01 20:21:48,MM-Simple,256,256,20073700,1,32,32768,1048576,33554432,64,,1
2025-05-01 20:21:48,MM-DivideConquer,256,256,19617200,1.0232703953673308,32,32768,1048576,33554432,64,,1
2025-05-01 20:21:48,MM-DivideConquer-Par8,256,256,1918500,10.463226479020069,32,32768,1048576,33554432,64,,1
2025-05-01 20:21:48,MM-DivideConquer-Par4,256,256,2062500,9.73270303030303,32,32768,1048576,33554432,64,,1
2025-05-01 20:21:48,MM-CacheAware,256,256,16489600,1.2173551814477004,32,32768,1048576,33554432,64,1MB,1
2025-05-01 20:21:49,MM-Simple,512,512,291784900,1,32,32768,1048576,33554432,64,,1
2025-05-01 20:21:50,MM-DivideConquer,512,512,261018300,1.1178714289381242,32,32768,1048576,33554432,64,,1
2025-05-01 20:21:50,MM-DivideConquer-Par8,512,512,16300800,17.900035581075777,32,32768,1048576,33554432,64,,1
2025-05-01 20:21:51,MM-DivideConquer-Par4,512,512,14509600,20.109782488834977,32,32768,1048576,33554432,64,,1
2025-05-01 20:21:51,MM-CacheAware,512,512,131573300,2.2176604219853115,32,32768,1048576,33554432,64,1MB,1
2025-05-01 20:21:59,MM-Simple,1024,1024,2504872700,1,32,32768,1048576,33554432,64,,1
2025-05-01 20:22:05,MM-DivideConquer,1024,1024,2076981700,1.2060157776065143,32,32768,1048576,33554432,64,,1
2025-05-01 20:22:07,MM-DivideConquer-Par8,1024,1024,102208600,24.507455341331355,32,32768,1048576,33554432,64,,1
2025-05-01 20:22:10,MM-DivideConquer-Par4,1024,1024,102851600,24.354241450789292,32,32768,1048576,33554432,64,,1
2025-05-01 20:22:14,MM-CacheAware,1024,1024,1058821100,2.365718533565302,32,32768,1048576,33554432,64,1MB,1
2025-05-01 20:23:41,MM-Simple,2048,2048,31205063800,1,32,32768,1048576,33554432,64,,1
2025-05-01 20:24:44,MM-DivideConquer,2048,2048,17948238100,1.7386143211460963,32,32768,1048576,33554432,64,,1
2025-05-01 20:25:12,MM-DivideConquer-Par8,2048,2048,772674100,40.38580275953342,32,32768,1048576,33554432,64,,1
2025-05-01 20:25:40,MM-DivideConquer-Par4,2048,2048,703232900,44.37372568888628,32,32768,1048576,33554432,64,,1
2025-05-01 20:26:24,MM-CacheAware,2048,2048,8623965200,3.6184125371934477,32,32768,1048576,33554432,64,1MB,1
2025-05-01 20:26:24,MM-Simple,128,128,2000100,1,32,32768,1048576,33554432,64,,1
2025-05-01 20:26:24,MM-DivideConquer,128,128,1890700,1.0578621674512085,32,32768,1048576,33554432,64,,1
2025-05-01 20:26:24,MM-DivideConquer-Par8,128,128,1003500,1.9931240657698057,32,32768,1048576,33554432,64,,1
2025-05-01 20:26:24,MM-DivideConquer-Par4,128,128,1002900,1.9943164822016153,32,32768,1048576,33554432,64,,1
2025-05-01 20:26:24,MM-CacheAware,128,128,2505400,0.7983156382214417,32,32768,1048576,33554432,64,1MB,1
2025-05-01 20:26:24,MM-Simple,256,256,20193800,1,32,32768,1048576,33554432,64,,1
2025-05-01 20:26:24,MM-DivideConquer,256,256,20130000,1.0031693989071038,32,32768,1048576,33554432,64,,1
2025-05-01 20:26:24,MM-DivideConquer-Par8,256,256,1503000,13.435662009314704,32,32768,1048576,33554432,64,,1
2025-05-01 20:26:24,MM-DivideConquer-Par4,256,256,1503700,13.429407461594733,32,32768,1048576,33554432,64,,1
2025-05-01 20:26:24,MM-CacheAware,256,256,17079000,1.1823760173312254,32,32768,1048576,33554432,64,1MB,1
2025-05-01 20:26:25,MM-Simple,512,512,356692300,1,32,32768,1048576,33554432,64,,1
2025-05-01 20:26:26,MM-DivideConquer,512,512,262960500,1.356448211803674,32,32768,1048576,33554432,64,,1
2025-05-01 20:26:26,MM-DivideConquer-Par8,512,512,16377200,21.77980973548592,32,32768,1048576,33554432,64,,1
2025-05-01 20:26:27,MM-DivideConquer-Par4,512,512,16019700,22.265853917364247,32,32768,1048576,33554432,64,,1
2025-05-01 20:26:27,MM-CacheAware,512,512,132064200,2.7009007740174855,32,32768,1048576,33554432,64,1MB,1
2025-05-01 20:26:34,MM-Simple,1024,1024,2441385100,1,32,32768,1048576,33554432,64,,1
2025-05-01 20:26:41,MM-DivideConquer,1024,1024,2081465100,1.1729166633637047,32,32768,1048576,33554432,64,,1
2025-05-01 20:26:43,MM-DivideConquer-Par8,1024,1024,107302600,22.75233871313463,32,32768,1048576,33554432,64,,1
2025-05-01 20:26:45,MM-DivideConquer-Par4,1024,1024,104492800,23.364146620628407,32,32768,1048576,33554432,64,,1
2025-05-01 20:26:49,MM-CacheAware,1024,1024,1063720400,2.2951379892686083,32,32768,1048576,33554432,64,1MB,1
2025-05-01 20:28:15,MM-Simple,2048,2048,30790867900,1,32,32768,1048576,33554432,64,,1
2025-05-01 20:29:18,MM-DivideConquer,2048,2048,17956117200,1.7147843020316218,32,32768,1048576,33554432,64,,1
2025-05-01 20:29:47,MM-DivideConquer-Par8,2048,2048,807046900,38.152513689105305,32,32768,1048576,33554432,64,,1
2025-05-01 20:30:15,MM-DivideConquer-Par4,2048,2048,699500400,44.018370682847355,32,32768,1048576,33554432,64,,1
2025-05-01 20:30:59,MM-CacheAware,2048,2048,8779990500,3.5069363571634846,32,32768,1048576,33554432,64,1MB,1
2025-05-01 20:30:59,MM-Simple,128,128,2000100,1,32,32768,1048576,33554432,64,,1
2025-05-01 20:30:59,MM-DivideConquer,128,128,2448800,0.8167673962757269,32,32768,1048576,33554432,64,,1
2025-05-01 20:30:59,MM-DivideConquer-Par8,128,128,0,+Inf,32,32768,1048576,33554432,64,,1
2025-05-01 20:30:59,MM-DivideConquer-Par4,128,128,1001200,1.9977027566919696,32,32768,1048576,33554432,64,,1
2025-05-01 20:30:59,MM-CacheAware,128,128,1505000,1.328970099667774,32,32768,1048576,33554432,64,1MB,1
2025-05-01 20:30:59,MM-Simple,256,256,20811300,1,32,32768,1048576,33554432,64,,1
2025-05-01 20:30:59,MM-DivideConquer,256,256,20221900,1.029146618270291,32,32768,1048576,33554432,64,,1
2025-05-01 20:30:59,MM-DivideConquer-Par8,256,256,1003100,20.74698434851959,32,32768,1048576,33554432,64,,1
2025-05-01 20:30:59,MM-DivideConquer-Par4,256,256,2002500,10.392659176029962,32,32768,1048576,33554432,64,,1
2025-05-01 20:30:59,MM-CacheAware,256,256,17241000,1.2070819558030277,32,32768,1048576,33554432,64,1MB,1
2025-05-01 20:31:00,MM-Simple,512,512,311940300,1,32,32768,1048576,33554432,64,,1
2025-05-01 20:31:01,MM-DivideConquer,512,512,261544600,1.1926849187480835,32,32768,1048576,33554432,64,,1
2025-05-01 20:31:01,MM-DivideConquer-Par8,512,512,16308500,19.12746727166815,32,32768,1048576,33554432,64,,1
2025-05-01 20:31:01,MM-DivideConquer-Par4,512,512,16270500,19.172139762146216,32,32768,1048576,33554432,64,,1
2025-05-01 20:31:02,MM-CacheAware,512,512,130657600,2.3874638750443906,32,32768,1048576,33554432,64,1MB,1
2025-05-01 20:31:09,MM-Simple,1024,1024,2462957400,1,32,32768,1048576,33554432,64,,1
2025-05-01 20:31:15,MM-DivideConquer,1024,1024,2087115400,1.1800772492024159,32,32768,1048576,33554432,64,,1
2025-05-01 20:31:17,MM-DivideConquer-Par8,1024,1024,102795300,23.959825011454804,32,32768,1048576,33554432,64,,1
2025-05-01 20:31:20,MM-DivideConquer-Par4,1024,1024,101863100,24.179093312494906,32,32768,1048576,33554432,64,,1
2025-05-01 20:31:24,MM-CacheAware,1024,1024,1061207700,2.3209004231688106,32,32768,1048576,33554432,64,1MB,1
2025-05-01 20:32:51,MM-Simple,2048,2048,31169336700,1,32,32768,1048576,33554432,64,,1
2025-05-01 20:33:54,MM-DivideConquer,2048,2048,17957756700,1.735703251843255,32,32768,1048576,33554432,64,,1
2025-05-01 20:34:22,MM-DivideConquer-Par8,2048,2048,779758400,39.97306947895656,32,32768,1048576,33554432,64,,1
2025-05-01 20:34:50,MM-DivideConquer-Par4,2048,2048,707568400,44.05134076083669,32,32768,1048576,33554432,64,,1
2025-05-01 20:35:34,MM-CacheAware,2048,2048,8777748200,3.5509490577549263,32,32768,1048576,33554432,64,1MB,1
2025-05-01 20:35:34,MM-Simple,128,128,2008500,1,32,32768,1048576,33554432,64,,1
2025-05-01 20:35:34,MM-DivideConquer,128,128,2105800,0.9537942824579733,32,32768,1048576,33554432,64,,1
2025-05-01 20:35:34,MM-DivideConquer-Par8,128,128,1502200,1.3370390094528026,32,32768,1048576,33554432,64,,1
2025-05-01 20:35:34,MM-DivideConquer-Par4,128,128,504500,3.981169474727453,32,32768,1048576,33554432,64,,1
2025-05-01 20:35:34,MM-CacheAware,128,128,1517100,1.3239074550128536,32,32768,1048576,33554432,64,1MB,1
2025-05-01 20:35:34,MM-Simple,256,256,19629700,1,32,32768,1048576,33554432,64,,1
2025-05-01 20:35:34,MM-DivideConquer,256,256,18817500,1.0431619503122094,32,32768,1048576,33554432,64,,1
2025-05-01 20:35:34,MM-DivideConquer-Par8,256,256,2093300,9.377394544499117,32,32768,1048576,33554432,64,,1
2025-05-01 20:35:34,MM-DivideConquer-Par4,256,256,2506200,7.832455510334371,32,32768,1048576,33554432,64,,1
2025-05-01 20:35:34,MM-CacheAware,256,256,17450700,1.1248660512185757,32,32768,1048576,33554432,64,1MB,1
2025-05-01 20:35:35,MM-Simple,512,512,348702200,1,32,32768,1048576,33554432,64,,1
2025-05-01 20:35:36,MM-DivideConquer,512,512,264587300,1.3179098165331442,32,32768,1048576,33554432,64,,1
2025-05-01 20:35:36,MM-DivideConquer-Par8,512,512,16398700,21.264014830443877,32,32768,1048576,33554432,64,,1
2025-05-01 20:35:37,MM-DivideConquer-Par4,512,512,16144500,21.598823128619653,32,32768,1048576,33554432,64,,1
2025-05-01 20:35:37,MM-CacheAware,512,512,131124000,2.659331625026692,32,32768,1048576,33554432,64,1MB,1
2025-05-01 20:35:45,MM-Simple,1024,1024,2772160200,1,32,32768,1048576,33554432,64,,1
2025-05-01 20:35:51,MM-DivideConquer,1024,1024,2079147500,1.3333157940934925,32,32768,1048576,33554432,64,,1
2025-05-01 20:35:53,MM-DivideConquer-Par8,1024,1024,105507200,26.27460685147554,32,32768,1048576,33554432,64,,1
2025-05-01 20:35:56,MM-DivideConquer-Par4,1024,1024,100615600,27.55199193763194,32,32768,1048576,33554432,64,,1
2025-05-01 20:36:00,MM-CacheAware,1024,1024,1070931200,2.58855115996247,32,32768,1048576,33554432,64,1MB,1
2025-05-01 20:37:27,MM-Simple,2048,2048,31363603500,1,32,32768,1048576,33554432,64,,1
2025-05-01 20:38:29,MM-DivideConquer,2048,2048,17910189600,1.7511597699669244,32,32768,1048576,33554432,64,,1
2025-05-01 20:38:57,MM-DivideConquer-Par8,2048,2048,819080700,38.29122515034233,32,32768,1048576,33554432,64,,1
2025-05-01 20:39:25,MM-DivideConquer-Par4,2048,2048,699500000,44.837174410293066,32,32768,1048576,33554432,64,,1
2025-05-01 20:40:09,MM-CacheAware,2048,2048,8779253500,3.5724681489149392,32,32768,1048576,33554432,64,1MB,1
2025-05-01 20:40:09,MM-Simple,128,128,1998200,1,32,32768,1048576,33554432,64,,1
2025-05-01 20:40:09,MM-DivideConquer,128,128,2020200,0.9891099891099892,32,32768,1048576,33554432,64,,1
2025-05-01 20:40:09,MM-DivideConquer-Par8,128,128,0,+Inf,32,32768,1048576,33554432,64,,1
2025-05-01 20:40:09,MM-DivideConquer-Par4,128,128,1003300,1.991627628824878,32,32768,1048576,33554432,64,,1
2025-05-01 20:40:09,MM-CacheAware,128,128,2247300,0.8891558759400169,32,32768,1048576,33554432,64,1MB,1
2025-05-01 20:40:09,MM-Simple,256,256,19563500,1,32,32768,1048576,33554432,64,,1
2025-05-01 20:40:09,MM-DivideConquer,256,256,20083200,0.974122649776928,32,32768,1048576,33554432,64,,1
2025-05-01 20:40:09,MM-DivideConquer-Par8,256,256,2505700,7.8075986750209525,32,32768,1048576,33554432,64,,1
2025-05-01 20:40:09,MM-DivideConquer-Par4,256,256,1004600,19.473919968146525,32,32768,1048576,33554432,64,,1
2025-05-01 20:40:10,MM-CacheAware,256,256,16574300,1.1803515080576554,32,32768,1048576,33554432,64,1MB,1
2025-05-01 20:40:11,MM-Simple,512,512,341449200,1,32,32768,1048576,33554432,64,,1
2025-05-01 20:40:11,MM-DivideConquer,512,512,264526400,1.290794415982677,32,32768,1048576,33554432,64,,1
2025-05-01 20:40:12,MM-DivideConquer-Par8,512,512,14624400,23.347911709198325,32,32768,1048576,33554432,64,,1
2025-05-01 20:40:12,MM-DivideConquer-Par4,512,512,15534700,21.97977431170219,32,32768,1048576,33554432,64,,1
2025-05-01 20:40:13,MM-CacheAware,512,512,132046400,2.585827406123908,32,32768,1048576,33554432,64,1MB,1
2025-05-01 20:40:20,MM-Simple,1024,1024,2560025000,1,32,32768,1048576,33554432,64,,1
2025-05-01 20:40:26,MM-DivideConquer,1024,1024,2090311400,1.2247098685870441,32,32768,1048576,33554432,64,,1
2025-05-01 20:40:29,MM-DivideConquer-Par8,1024,1024,105622700,24.23745085100078,32,32768,1048576,33554432,64,,1
2025-05-01 20:40:31,MM-DivideConquer-Par4,1024,1024,101780800,25.152337179507334,32,32768,1048576,33554432,64,,1
2025-05-01 20:40:35,MM-CacheAware,1024,1024,1053532700,2.429943560365995,32,32768,1048576,33554432,64,1MB,1
2025-05-01 20:42:02,MM-Simple,2048,2048,31609986100,1,32,32768,1048576,33554432,64,,1
2025-05-01 20:43:04,MM-DivideConquer,2048,2048,17588161200,1.7972308611772332,32,32768,1048576,33554432,64,,1
2025-05-01 20:43:32,MM-DivideConquer-Par8,2048,2048,805433400,39.24593405239961,32,32768,1048576,33554432,64,,1
2025-05-01 20:44:00,MM-DivideConquer-Par4,2048,2048,706409100,44.74742199668719,32,32768,1048576,33554432,64,,1
2025-05-01 20:44:44,MM-CacheAware,2048,2048,8708209400,3.6299065224591405,32,32768,1048576,33554432,64,1MB,1
2025-05-01 20:44:44,MM-Simple,128,128,2115300,1,32,32768,1048576,33554432,64,,1
2025-05-01 20:44:44,MM-DivideConquer,128,128,3016200,0.7013129102844639,32,32768,1048576,33554432,64,,1
2025-05-01 20:44:44,MM-DivideConquer-Par8,128,128,1003000,2.108973080757727,32,32768,1048576,33554432,64,,1
2025-05-01 20:44:44,MM-DivideConquer-Par4,128,128,1504600,1.4058886082679782,32,32768,1048576,33554432,64,,1
2025-05-01 20:44:44,MM-CacheAware,128,128,1505300,1.4052348369095862,32,32768,1048576,33554432,64,1MB,1
2025-05-01 20:44:44,MM-Simple,256,256,20340700,1,32,32768,1048576,33554432,64,,1
2025-05-01 20:44:44,MM-DivideConquer,256,256,20945300,0.9711343356266083,32,32768,1048576,33554432,64,,1
2025-05-01 20:44:44,MM-DivideConquer-Par8,256,256,1506700,13.50016592553262,32,32768,1048576,33554432,64,,1
2025-05-01 20:44:44,MM-DivideConquer-Par4,256,256,2505200,8.119391665336101,32,32768,1048576,33554432,64,,1
2025-05-01 20:44:44,MM-CacheAware,256,256,17586000,1.1566416467644718,32,32768,1048576,33554432,64,1MB,1
2025-05-01 20:44:45,MM-Simple,512,512,298736400,1,32,32768,1048576,33554432,64,,1
2025-05-01 20:44:46,MM-DivideConquer,512,512,269187800,1.109769462063288,32,32768,1048576,33554432,64,,1
2025-05-01 20:44:46,MM-DivideConquer-Par8,512,512,16016700,18.65155743692521,32,32768,1048576,33554432,64,,1
2025-05-01 20:44:46,MM-DivideConquer-Par4,512,512,16511900,18.09218805830946,32,32768,1048576,33554432,64,,1
2025-05-01 20:44:47,MM-CacheAware,512,512,131248900,2.2761059330782962,32,32768,1048576,33554432,64,1MB,1
2025-05-01 20:44:54,MM-Simple,1024,1024,2847567200,1,32,32768,1048576,33554432,64,,1
2025-05-01 20:45:00,MM-DivideConquer,1024,1024,2090688700,1.3620235284191282,32,32768,1048576,33554432,64,,1
2025-05-01 20:45:03,MM-DivideConquer-Par8,1024,1024,102682000,27.73190237821624,32,32768,1048576,33554432,64,,1
2025-05-01 20:45:05,MM-DivideConquer-Par4,1024,1024,102931900,27.66457434478524,32,32768,1048576,33554432,64,,1
2025-05-01 20:45:09,MM-CacheAware,1024,1024,1058173400,2.6910213392247435,32,32768,1048576,33554432,64,1MB,1
2025-05-01 20:46:36,MM-Simple,2048,2048,30991500600,1,32,32768,1048576,33554432,64,,1
2025-05-01 20:47:39,MM-DivideConquer,2048,2048,17908632600,1.730534167080964,32,32768,1048576,33554432,64,,1
2025-05-01 20:48:07,MM-DivideConquer-Par8,2048,2048,797336900,38.86876501012307,32,32768,1048576,33554432,64,,1
2025-05-01 20:48:35,MM-DivideConquer-Par4,2048,2048,711829300,43.53782655476531,32,32768,1048576,33554432,64,,1
2025-05-01 20:49:19,MM-CacheAware,2048,2048,8739764400,3.546033872492032,32,32768,1048576,33554432,64,1MB,1
2025-05-01 20:49:19,MM-Simple,128,128,2000000,1,32,32768,1048576,33554432,64,,1
2025-05-01 20:49:19,MM-DivideConquer,128,128,2504300,0.7986263626562313,32,32768,1048576,33554432,64,,1
2025-05-01 20:49:19,MM-DivideConquer-Par8,128,128,0,+Inf,32,32768,1048576,33554432,64,,1
2025-05-01 20:49:19,MM-DivideConquer-Par4,128,128,1509800,1.3246787653993906,32,32768,1048576,33554432,64,,1
2025-05-01 20:49:19,MM-CacheAware,128,128,2506000,0.7980845969672785,32,32768,1048576,33554432,64,1MB,1
2025-05-01 20:49:19,MM-Simple,256,256,18098800,1,32,32768,1048576,33554432,64,,1
2025-05-01 20:49:19,MM-DivideConquer,256,256,21069200,0.8590169536574715,32,32768,1048576,33554432,64,,1
2025-05-01 20:49:20,MM-DivideConquer-Par8,256,256,2508400,7.215276670387498,32,32768,1048576,33554432,64,,1
2025-05-01 20:49:20,MM-DivideConquer-Par4,256,256,2518200,7.187197204352315,32,32768,1048576,33554432,64,,1
2025-05-01 20:49:20,MM-CacheAware,256,256,17113800,1.057555890567846,32,32768,1048576,33554432,64,1MB,1
2025-05-01 20:49:20,MM-Simple,512,512,310288300,1,32,32768,1048576,33554432,64,,1
2025-05-01 20:49:21,MM-DivideConquer,512,512,268311200,1.1564493021536186,32,32768,1048576,33554432,64,,1
2025-05-01 20:49:21,MM-DivideConquer-Par8,512,512,16518700,18.784062910519594,32,32768,1048576,33554432,64,,1
2025-05-01 20:49:22,MM-DivideConquer-Par4,512,512,13509800,22.967645709040845,32,32768,1048576,33554432,64,,1
2025-05-01 20:49:22,MM-CacheAware,512,512,129301300,2.3997307064971505,32,32768,1048576,33554432,64,1MB,1
2025-05-01 20:49:29,MM-Simple,1024,1024,2488258000,1,32,32768,1048576,33554432,64,,1
2025-05-01 20:49:36,MM-DivideConquer,1024,1024,2079401400,1.196622258694257,32,32768,1048576,33554432,64,,1
2025-05-01 20:49:38,MM-DivideConquer-Par8,1024,1024,100189100,24.835615850426844,32,32768,1048576,33554432,64,,1
2025-05-01 20:49:41,MM-DivideConquer-Par4,1024,1024,101787000,24.445734720543882,32,32768,1048576,33554432,64,,1
2025-05-01 20:49:45,MM-CacheAware,1024,1024,1053426700,2.3620608818819573,32,32768,1048576,33554432,64,1MB,1
2025-05-01 20:51:12,MM-Simple,2048,2048,31135165200,1,32,32768,1048576,33554432,64,,1
2025-05-01 20:52:14,MM-DivideConquer,2048,2048,18042146000,1.7256907908848538,32,32768,1048576,33554432,64,,1
2025-05-01 20:52:43,MM-DivideConquer-Par8,2048,2048,800489500,38.89515752548909,32,32768,1048576,33554432,64,,1
2025-05-01 20:53:11,MM-DivideConquer-Par4,2048,2048,711631200,43.7518270699767,32,32768,1048576,33554432,64,,1
2025-05-01 20:53:55,MM-CacheAware,2048,2048,8740792100,3.5620530546653777,32,32768,1048576,33554432,64,1MB,1
2025-05-01 20:53:55,MM-Simple,128,128,2503900,1,32,32768,1048576,33554432,64,,1
2025-05-01 20:53:55,MM-DivideConquer,128,128,3044300,0.82248792825937,32,32768,1048576,33554432,64,,1
2025-05-01 20:53:55,MM-DivideConquer-Par8,128,128,1538800,1.6271770210553678,32,32768,1048576,33554432,64,,1
2025-05-01 20:53:55,MM-DivideConquer-Par4,128,128,1013000,2.471767028627838,32,32768,1048576,33554432,64,,1
2025-05-01 20:53:55,MM-CacheAware,128,128,1502000,1.6670439414114513,32,32768,1048576,33554432,64,1MB,1
2025-05-01 20:53:55,MM-Simple,256,256,20222500,1,32,32768,1048576,33554432,64,,1
2025-05-01 20:53:55,MM-DivideConquer,256,256,20219000,1.000173104505663,32,32768,1048576,33554432,64,,1
2025-05-01 20:53:55,MM-DivideConquer-Par8,256,256,1504100,13.444917226248254,32,32768,1048576,33554432,64,,1
2025-05-01 20:53:55,MM-DivideConquer-Par4,256,256,1505200,13.435091682168483,32,32768,1048576,33554432,64,,1
2025-05-01 20:53:55,MM-CacheAware,256,256,17546000,1.1525418898894335,32,32768,1048576,33554432,64,1MB,1
2025-05-01 20:53:56,MM-Simple,512,512,346173200,1,32,32768,1048576,33554432,64,,1
2025-05-01 20:53:57,MM-DivideConquer,512,512,267864000,1.2923468625869845,32,32768,1048576,33554432,64,,1
2025-05-01 20:53:57,MM-DivideConquer-Par8,512,512,15288000,22.64345892203035,32,32768,1048576,33554432,64,,1
2025-05-01 20:53:57,MM-DivideConquer-Par4,512,512,16452200,21.04114951191938,32,32768,1048576,33554432,64,,1
2025-05-01 20:53:58,MM-CacheAware,512,512,129639100,2.6702838881170883,32,32768,1048576,33554432,64,1MB,1
2025-05-01 20:54:05,MM-Simple,1024,1024,2845259000,1,32,32768,1048576,33554432,64,,1
2025-05-01 20:54:12,MM-DivideConquer,1024,1024,2069046400,1.3751547572833553,32,32768,1048576,33554432,64,,1
2025-05-01 20:54:14,MM-DivideConquer-Par8,1024,1024,103477900,27.496296310613182,32,32768,1048576,33554432,64,,1
2025-05-01 20:54:16,MM-DivideConquer-Par4,1024,1024,105569500,26.951524824878398,32,32768,1048576,33554432,64,,1
2025-05-01 20:54:21,MM-CacheAware,1024,1024,1056485700,2.693135363782018,32,32768,1048576,33554432,64,1MB,1
2025-05-01 20:55:48,MM-Simple,2048,2048,31062326500,1,32,32768,1048576,33554432,64,,1
2025-05-01 20:56:51,MM-DivideConquer,2048,2048,17816070500,1.7435004256409965,32,32768,1048576,33554432,64,,1
2025-05-01 20:57:20,MM-DivideConquer-Par8,2048,2048,802322300,38.715521804641355,32,32768,1048576,33554432,64,,1
2025-05-01 20:57:49,MM-DivideConquer-Par4,2048,2048,710544600,43.71622344325747,32,32768,1048576,33554432,64,,1
2025-05-01 20:58:36,MM-CacheAware,2048,2048,8862208500,3.505032238860099,32,32768,1048576,33554432,64,1MB,1
2025-05-01 20:58:36,MM-Simple,128,128,3015400,1,32,32768,1048576,33554432,64,,1
2025-05-01 20:58:36,MM-DivideConquer,128,128,1517200,1.9874769311890323,32,32768,1048576,33554432,64,,1
2025-05-01 20:58:36,MM-DivideConquer-Par8,128,128,2020200,1.4926244926244927,32,32768,1048576,33554432,64,,1
2025-05-01 20:58:36,MM-DivideConquer-Par4,128,128,1004700,3.0012939185826615,32,32768,1048576,33554432,64,,1
2025-05-01 20:58:36,MM-CacheAware,128,128,1505400,2.0030556662681014,32,32768,1048576,33554432,64,1MB,1
2025-05-01 20:58:36,MM-Simple,256,256,21821000,1,32,32768,1048576,33554432,64,,1
2025-05-01 20:58:36,MM-DivideConquer,256,256,21196900,1.029442984587369,32,32768,1048576,33554432,64,,1
2025-05-01 20:58:36,MM-DivideConquer-Par8,256,256,3024700,7.2142691837207,32,32768,1048576,33554432,64,,1
2025-05-01 20:58:36,MM-DivideConquer-Par4,256,256,3040100,7.177724416959968,32,32768,1048576,33554432,64,,1
2025-05-01 20:58:36,MM-CacheAware,256,256,17314100,1.2603022969718323,32,32768,1048576,33554432,64,1MB,1
2025-05-01 20:58:37,MM-Simple,512,512,306518100,1,32,32768,1048576,33554432,64,,1
2025-05-01 20:58:38,MM-DivideConquer,512,512,270775100,1.132002536422293,32,32768,1048576,33554432,64,,1
2025-05-01 20:58:38,MM-DivideConquer-Par8,512,512,16639000,18.421665965502733,32,32768,1048576,33554432,64,,1
2025-05-01 20:58:39,MM-DivideConquer-Par4,512,512,20193200,15.179273220688152,32,32768,1048576,33554432,64,,1
2025-05-01 20:58:39,MM-CacheAware,512,512,138562600,2.2121272262500846,32,32768,1048576,33554432,64,1MB,1
2025-05-01 20:58:47,MM-Simple,1024,1024,2598737100,1,32,32768,1048576,33554432,64,,1
2025-05-01 20:58:53,MM-DivideConquer,1024,1024,2153187500,1.2069255928710343,32,32768,1048576,33554432,64,,1
2025-05-01 20:58:56,MM-DivideConquer-Par8,1024,1024,104244500,24.929249025128424,32,32768,1048576,33554432,64,,1
2025-05-01 20:58:58,MM-DivideConquer-Par4,1024,1024,99007500,26.247881221119613,32,32768,1048576,33554432,64,,1
2025-05-01 20:59:03,MM-CacheAware,1024,1024,1123259800,2.3135672619994057,32,32768,1048576,33554432,64,1MB,1
2025-05-01 21:00:35,MM-Simple,2048,2048,33151565600,1,32,32768,1048576,33554432,64,,1
2025-05-01 21:01:40,MM-DivideConquer,2048,2048,18012990600,1.8404254094264614,32,32768,1048576,33554432,64,,1
2025-05-01 21:02:09,MM-DivideConquer-Par8,2048,2048,841004300,39.41902033081163,32,32768,1048576,33554432,64,,1
2025-05-01 21:02:38,MM-DivideConquer-Par4,2048,2048,722540700,45.88193523216062,32,32768,1048576,33554432,64,,1
2025-05-01 21:03:24,MM-CacheAware,2048,2048,9070827800,3.6547453364730393,32,32768,1048576,33554432,64,1MB,1
2025-05-01 21:03:24,MM-Simple,128,128,3562500,1,32,32768,1048576,33554432,64,,1
2025-05-01 21:03:24,MM-DivideConquer,128,128,1518600,2.3459107072303436,32,32768,1048576,33554432,64,,1
2025-05-01 21:03:24,MM-DivideConquer-Par8,128,128,511900,6.959367063879664,32,32768,1048576,33554432,64,,1
2025-05-01 21:03:24,MM-DivideConquer-Par4,128,128,0,+Inf,32,32768,1048576,33554432,64,,1
2025-05-01 21:03:24,MM-CacheAware,128,128,2532400,1.4067682830516506,32,32768,1048576,33554432,64,1MB,1
2025-05-01 21:03:24,MM-Simple,256,256,18254100,1,32,32768,1048576,33554432,64,,1
2025-05-01 21:03:24,MM-DivideConquer,256,256,21197400,0.8611480653287668,32,32768,1048576,33554432,64,,1
2025-05-01 21:03:24,MM-DivideConquer-Par8,256,256,2015500,9.056859340114116,32,32768,1048576,33554432,64,,1
2025-05-01 21:03:24,MM-DivideConquer-Par4,256,256,2565500,7.1152212044435785,32,32768,1048576,33554432,64,,1
2025-05-01 21:03:24,MM-CacheAware,256,256,17216100,1.0602924007179326,32,32768,1048576,33554432,64,1MB,1
2025-05-01 21:03:25,MM-Simple,512,512,325365200,1,32,32768,1048576,33554432,64,,1
2025-05-01 21:03:26,MM-DivideConquer,512,512,269701200,1.2063913694117787,32,32768,1048576,33554432,64,,1
2025-05-01 21:03:26,MM-DivideConquer-Par8,512,512,16815200,19.349469527570292,32,32768,1048576,33554432,64,,1
2025-05-01 21:03:27,MM-DivideConquer-Par4,512,512,14157600,22.981663558795276,32,32768,1048576,33554432,64,,1
2025-05-01 21:03:27,MM-CacheAware,512,512,137354400,2.368800708240872,32,32768,1048576,33554432,64,1MB,1
2025-05-01 21:03:35,MM-Simple,1024,1024,2694142900,1,32,32768,1048576,33554432,64,,1
2025-05-01 21:03:41,MM-DivideConquer,1024,1024,2128842500,1.2655435524234413,32,32768,1048576,33554432,64,,1
2025-05-01 21:03:44,MM-DivideConquer-Par8,1024,1024,108808300,24.760453935958928,32,32768,1048576,33554432,64,,1
2025-05-01 21:03:46,MM-DivideConquer-Par4,1024,1024,107195100,25.133078844088956,32,32768,1048576,33554432,64,,1
2025-05-01 21:03:51,MM-CacheAware,1024,1024,1069178000,2.5198263525811417,32,32768,1048576,33554432,64,1MB,1
2025-05-01 21:05:22,MM-Simple,2048,2048,32743590400,1,32,32768,1048576,33554432,64,,1
2025-05-01 21:06:27,MM-DivideConquer,2048,2048,18619817200,1.7585344715414284,32,32768,1048576,33554432,64,,1
2025-05-01 21:06:57,MM-DivideConquer-Par8,2048,2048,818916400,39.98404525785538,32,32768,1048576,33554432,64,,1
2025-05-01 21:07:27,MM-DivideConquer-Par4,2048,2048,715933200,45.7355384552637,32,32768,1048576,33554432,64,,1
2025-05-01 21:08:13,MM-CacheAware,2048,2048,9086768100,3.6034363416845645,32,32768,1048576,33554432,64,1MB,1
2025-05-01 21:08:13,MM-Simple,128,128,2523300,1,32,32768,1048576,33554432,64,,1
2025-05-01 21:08:13,MM-DivideConquer,128,128,2525900,0.9989706639217705,32,32768,1048576,33554432,64,,1
2025-05-01 21:08:13,MM-DivideConquer-Par8,128,128,502900,5.017498508649831,32,32768,1048576,33554432,64,,1
2025-05-01 21:08:13,MM-DivideConquer-Par4,128,128,506400,4.98281990521327,32,32768,1048576,33554432,64,,1
2025-05-01 21:08:13,MM-CacheAware,128,128,2059500,1.2252002913328477,32,32768,1048576,33554432,64,1MB,1
2025-05-01 21:08:13,MM-Simple,256,256,22318700,1,32,32768,1048576,33554432,64,,1
2025-05-01 21:08:13,MM-DivideConquer,256,256,22235700,1.0037327360955581,32,32768,1048576,33554432,64,,1
2025-05-01 21:08:13,MM-DivideConquer-Par8,256,256,1507200,14.80805467091295,32,32768,1048576,33554432,64,,1
2025-05-01 21:08:13,MM-DivideConquer-Par4,256,256,2068800,10.788234725444703,32,32768,1048576,33554432,64,,1
2025-05-01 21:08:13,MM-CacheAware,256,256,17752100,1.2572428050765825,32,32768,1048576,33554432,64,1MB,1
2025-05-01 21:08:14,MM-Simple,512,512,321226600,1,32,32768,1048576,33554432,64,,1
2025-05-01 21:08:15,MM-DivideConquer,512,512,268380700,1.19690648396103,32,32768,1048576,33554432,64,,1
2025-05-01 21:08:15,MM-DivideConquer-Par8,512,512,16173800,19.860923221506386,32,32768,1048576,33554432,64,,1
2025-05-01 21:08:15,MM-DivideConquer-Par4,512,512,15646300,20.530515201677073,32,32768,1048576,33554432,64,,1
2025-05-01 21:08:16,MM-CacheAware,512,512,138774900,2.3147312662448325,32,32768,1048576,33554432,64,1MB,1
2025-05-01 21:08:23,MM-Simple,1024,1024,2541813100,1,32,32768,1048576,33554432,64,,1
2025-05-01 21:08:30,MM-DivideConquer,1024,1024,2114988300,1.2018095324688085,32,32768,1048576,33554432,64,,1
2025-05-01 21:08:32,MM-DivideConquer-Par8,1024,1024,108001500,23.534979606764722,32,32768,1048576,33554432,64,,1
2025-05-01 21:08:35,MM-DivideConquer-Par4,1024,1024,102142700,24.884921780998543,32,32768,1048576,33554432,64,,1
2025-05-01 21:08:39,MM-CacheAware,1024,1024,1122906200,2.2636023382896986,32,32768,1048576,33554432,64,1MB,1
2025-05-01 21:10:10,MM-Simple,2048,2048,32029085400,1,32,32768,1048576,33554432,64,,1
2025-05-01 21:11:14,MM-DivideConquer,2048,2048,18236109600,1.7563551712806114,32,32768,1048576,33554432,64,,1
2025-05-01 21:11:44,MM-DivideConquer-Par8,2048,2048,827254300,38.71733927523858,32,32768,1048576,33554432,64,,1
2025-05-01 21:12:13,MM-DivideConquer-Par4,2048,2048,712025200,44.98307840789904,32,32768,1048576,33554432,64,,1
2025-05-01 21:12:59,MM-CacheAware,2048,2048,9066077700,3.5328492055610776,32,32768,1048576,33554432,64,1MB,1
2025-05-01 21:12:59,MM-Simple,128,128,3011100,1,32,32768,1048576,33554432,64,,1
2025-05-01 21:12:59,MM-DivideConquer,128,128,2522600,1.1936494093395702,32,32768,1048576,33554432,64,,1
2025-05-01 21:12:59,MM-DivideConquer-Par8,128,128,0,+Inf,32,32768,1048576,33554432,64,,1
2025-05-01 21:12:59,MM-DivideConquer-Par4,128,128,1507200,1.99781050955414,32,32768,1048576,33554432,64,,1
2025-05-01 21:12:59,MM-CacheAware,128,128,2529400,1.1904404206531194,32,32768,1048576,33554432,64,1MB,1
2025-05-01 21:12:59,MM-Simple,256,256,20238700,1,32,32768,1048576,33554432,64,,1
2025-05-01 21:12:59,MM-DivideConquer,256,256,19721900,1.0262043717897362,32,32768,1048576,33554432,64,,1
2025-05-01 21:12:59,MM-DivideConquer-Par8,256,256,1024000,19.76435546875,32,32768,1048576,33554432,64,,1
2025-05-01 21:12:59,MM-DivideConquer-Par4,256,256,3517600,5.753553559244939,32,32768,1048576,33554432,64,,1
2025-05-01 21:12:59,MM-CacheAware,256,256,16822400,1.2030804165874072,32,32768,1048576,33554432,64,1MB,1
2025-05-01 21:13:00,MM-Simple,512,512,351524400,1,32,32768,1048576,33554432,64,,1
2025-05-01 21:13:01,MM-DivideConquer,512,512,265509600,1.3239611675058076,32,32768,1048576,33554432,64,,1
2025-05-01 21:13:01,MM-DivideConquer-Par8,512,512,16191300,21.71069648514943,32,32768,1048576,33554432,64,,1
2025-05-01 21:13:02,MM-DivideConquer-Par4,512,512,15695700,22.396223169403086,32,32768,1048576,33554432,64,,1
2025-05-01 21:13:02,MM-CacheAware,512,512,140124600,2.5086558677063127,32,32768,1048576,33554432,64,1MB,1
2025-05-01 21:13:10,MM-Simple,1024,1024,2560857000,1,32,32768,1048576,33554432,64,,1
2025-05-01 21:13:16,MM-DivideConquer,1024,1024,2110226800,1.213545861515928,32,32768,1048576,33554432,64,,1
2025-05-01 21:13:19,MM-DivideConquer-Par8,1024,1024,104350700,24.540870353529012,32,32768,1048576,33554432,64,,1
2025-05-01 21:13:21,MM-DivideConquer-Par4,1024,1024,106006800,24.157478576846014,32,32768,1048576,33554432,64,,1
2025-05-01 21:13:25,MM-CacheAware,1024,1024,1073047600,2.3865269350586127,32,32768,1048576,33554432,64,1MB,1
2025-05-01 21:14:55,MM-Simple,2048,2048,32494347200,1,32,32768,1048576,33554432,64,,1
2025-05-01 21:15:59,MM-DivideConquer,2048,2048,18001799900,1.805061015037724,32,32768,1048576,33554432,64,,1
2025-05-01 21:16:27,MM-DivideConquer-Par8,2048,2048,824972400,39.38840523634487,32,32768,1048576,33554432,64,,1
2025-05-01 21:16:56,MM-DivideConquer-Par4,2048,2048,719326300,45.1733061894164,32,32768,1048576,33554432,64,,1
2025-05-01 21:17:41,MM-CacheAware,2048,2048,8810985800,3.6879354861745437,32,32768,1048576,33554432,64,1MB,1
2025-05-01 21:17:41,MM-Simple,128,128,2536500,1,32,32768,1048576,33554432,64,,1
2025-05-01 21:17:41,MM-DivideConquer,128,128,3597700,0.7050337715762849,32,32768,1048576,33554432,64,,1
2025-05-01 21:17:41,MM-DivideConquer-Par8,128,128,1510800,1.6789118347895156,32,32768,1048576,33554432,64,,1
2025-05-01 21:17:41,MM-DivideConquer-Par4,128,128,1504500,1.6859421734795612,32,32768,1048576,33554432,64,,1
2025-05-01 21:17:41,MM-CacheAware,128,128,1523300,1.6651349044836867,32,32768,1048576,33554432,64,1MB,1
2025-05-01 21:17:41,MM-Simple,256,256,19215700,1,32,32768,1048576,33554432,64,,1
2025-05-01 21:17:41,MM-DivideConquer,256,256,19924600,0.9644208666673358,32,32768,1048576,33554432,64,,1
2025-05-01 21:17:41,MM-DivideConquer-Par8,256,256,516000,37.23972868217054,32,32768,1048576,33554432,64,,1
2025-05-01 21:17:41,MM-DivideConquer-Par4,256,256,2537200,7.573585054390667,32,32768,1048576,33554432,64,,1
2025-05-01 21:17:41,MM-CacheAware,256,256,16918800,1.135760219400903,32,32768,1048576,33554432,64,1MB,1
2025-05-01 21:17:42,MM-Simple,512,512,336949600,1,32,32768,1048576,33554432,64,,1
2025-05-01 21:17:43,MM-DivideConquer,512,512,259404400,1.2989355616173048,32,32768,1048576,33554432,64,,1
2025-05-01 21:17:43,MM-DivideConquer-Par8,512,512,17731100,19.00331056730829,32,32768,1048576,33554432,64,,1
2025-05-01 21:17:44,MM-DivideConquer-Par4,512,512,17319100,19.455375856713108,32,32768,1048576,33554432,64,,1
2025-05-01 21:17:44,MM-CacheAware,512,512,131911300,2.554364940683626,32,32768,1048576,33554432,64,1MB,1
2025-05-01 21:17:51,MM-Simple,1024,1024,2757006600,1,32,32768,1048576,33554432,64,,1
2025-05-01 21:17:58,MM-DivideConquer,1024,1024,2132334400,1.2929522686497952,32,32768,1048576,33554432,64,,1
2025-05-01 21:18:01,MM-DivideConquer-Par8,1024,1024,107102400,25.7417816967687,32,32768,1048576,33554432,64,,1
2025-05-01 21:18:03,MM-DivideConquer-Par4,1024,1024,105182400,26.211672294984712,32,32768,1048576,33554432,64,,1
2025-05-01 21:18:07,MM-CacheAware,1024,1024,1075001000,2.5646549166000776,32,32768,1048576,33554432,64,1MB,1
2025-05-01 21:19:37,MM-Simple,2048,2048,31761103900,1,32,32768,1048576,33554432,64,,1
2025-05-01 21:20:42,MM-DivideConquer,2048,2048,18206409500,1.7445012373252398,32,32768,1048576,33554432,64,,1
2025-05-01 21:21:11,MM-DivideConquer-Par8,2048,2048,823828700,38.553043733484884,32,32768,1048576,33554432,64,,1
2025-05-01 21:21:41,MM-DivideConquer-Par4,2048,2048,719260400,44.158004388952875,32,32768,1048576,33554432,64,,1
2025-05-01 21:22:27,MM-CacheAware,2048,2048,9080197500,3.497842849783829,32,32768,1048576,33554432,64,1MB,1
2025-05-01 21:22:27,MM-Simple,128,128,1506100,1,32,32768,1048576,33554432,64,,1
2025-05-01 21:22:27,MM-DivideConquer,128,128,2013100,0.7481496199890716,32,32768,1048576,33554432,64,,1
2025-05-01 21:22:27,MM-DivideConquer-Par8,128,128,511700,2.9433261676763727,32,32768,1048576,33554432,64,,1
2025-05-01 21:22:27,MM-DivideConquer-Par4,128,128,1506200,0.9999336077546143,32,32768,1048576,33554432,64,,1
2025-05-01 21:22:27,MM-CacheAware,128,128,2517900,0.5981571944874697,32,32768,1048576,33554432,64,1MB,1
2025-05-01 21:22:28,MM-Simple,256,256,21772900,1,32,32768,1048576,33554432,64,,1
2025-05-01 21:22:28,MM-DivideConquer,256,256,21431800,1.0159156020492912,32,32768,1048576,33554432,64,,1
2025-05-01 21:22:28,MM-DivideConquer-Par8,256,256,1508000,14.438262599469496,32,32768,1048576,33554432,64,,1
2025-05-01 21:22:28,MM-DivideConquer-Par4,256,256,3036000,7.171574440052701,32,32768,1048576,33554432,64,,1
2025-05-01 21:22:28,MM-CacheAware,256,256,17701800,1.2299822616909015,32,32768,1048576,33554432,64,1MB,1
2025-05-01 21:22:29,MM-Simple,512,512,365699000,1,32,32768,1048576,33554432,64,,1
2025-05-01 21:22:30,MM-DivideConquer,512,512,269627700,1.3563109428296871,32,32768,1048576,33554432,64,,1
2025-05-01 21:22:30,MM-DivideConquer-Par8,512,512,16535200,22.116394116793266,32,32768,1048576,33554432,64,,1
2025-05-01 21:22:30,MM-DivideConquer-Par4,512,512,17206100,21.254032000278972,32,32768,1048576,33554432,64,,1
2025-05-01 21:22:31,MM-CacheAware,512,512,132579500,2.758337450359973,32,32768,1048576,33554432,64,1MB,1
2025-05-01 21:22:39,MM-Simple,1024,1024,3038915200,1,32,32768,1048576,33554432,64,,1
2025-05-01 21:22:45,MM-DivideConquer,1024,1024,2138574400,1.4210004571269534,32,32768,1048576,33554432,64,,1
2025-05-01 21:22:47,MM-DivideConquer-Par8,1024,1024,104318100,29.131236094215673,32,32768,1048576,33554432,64,,1
2025-05-01 21:22:50,MM-DivideConquer-Par4,1024,1024,103310200,29.415442037669077,32,32768,1048576,33554432,64,,1
2025-05-01 21:22:55,MM-CacheAware,1024,1024,1071411800,2.8363652519040765,32,32768,1048576,33554432,64,1MB,1
2025-05-01 21:24:25,MM-Simple,2048,2048,32121295800,1,32,32768,1048576,33554432,64,,1
2025-05-01 21:25:30,MM-DivideConquer,2048,2048,18048407100,1.7797302344759278,32,32768,1048576,33554432,64,,1
2025-05-01 21:25:59,MM-DivideConquer-Par8,2048,2048,809184900,39.69586654422246,32,32768,1048576,33554432,64,,1
2025-05-01 21:26:28,MM-DivideConquer-Par4,2048,2048,724973000,44.30688563574092,32,32768,1048576,33554432,64,,1
2025-05-01 21:27:14,MM-CacheAware,2048,2048,9095870200,3.531415366943121,32,32768,1048576,33554432,64,1MB,1
