Date,Algorithm,ArraySizeA,ArraySizeB,AvgTime,Speedup,MinSpeedup,MaxSpeedup,MaxCPUs,L1CacheSize,L2CacheSize,L3CacheSize,CacheLineLength,BlockSize,NumRuns
2025-04-22 19:06:47,FunnelSort,1048576,,17649499,3.441156884963137,3.6702579799127375,3.186282939778504,32,32768,1048576,33554432,64,32KB,100
2025-04-22 19:06:48,FunnelSort,1048576,,17677437,3.4357183679964467,3.6777923446308867,3.188139494598482,32,32768,1048576,33554432,64,64KB,100
2025-04-22 19:06:50,FunnelSort,1048576,,17717490,3.4279514197552814,3.793049943480243,3.1833603266452815,32,32768,1048576,33554432,64,128KB,100
2025-04-22 19:06:52,FunnelSort,1048576,,17779211,3.4160511959726447,3.680310678317356,3.1936717813347917,32,32768,1048576,33554432,64,256KB,100
2025-04-22 19:06:54,FunnelSort,1048576,,17912788,3.390577446682225,3.7901384763236066,3.1040777160496984,32,32768,1048576,33554432,64,512KB,100
2025-04-22 19:06:56,FunnelSort,1048576,,18151046,3.346071350378375,3.6701692631222733,3.102190979671059,32,32768,1048576,33554432,64,1MB,100
2025-04-22 19:06:57,FunnelSort,1048576,,17934172,3.3865346557398914,3.6694596831687956,3.1385655079039436,32,32768,1048576,33554432,64,2MB,100
2025-04-22 19:06:59,FunnelSort,1048576,,17789232,3.414126871806495,3.675366418958172,3.157772156768954,32,32768,1048576,33554432,64,4MB,100
2025-04-22 19:07:01,FunnelSort,1048576,,18028512,3.3688135216040016,3.676901724795525,3.034746990721078,32,32768,1048576,33554432,64,8MB,100
2025-04-22 19:07:03,FunnelSort,1048576,,17967743,3.380207241388081,3.6720998216391063,3.111520136480304,32,32768,1048576,33554432,64,16MB,100
2025-04-22 19:07:05,FunnelSort,1048576,,17880046,3.3967862834357363,3.673032542499985,3.030673403193613,32,32768,1048576,33554432,64,32MB,100
2025-04-22 19:07:07,FunnelSort,1048576,,17862371,3.400147438433565,3.677859158511772,3.0919256223591103,32,32768,1048576,33554432,64,64MB,100
2025-04-22 19:59:25,FunnelSort,1048576,,17680441,0.914962189008747,0.9800698538098498,0.8467914760414158,32,32768,1048576,33554432,64,32KB,100
2025-04-22 19:59:26,FunnelSort,1048576,,17628538,0.917656075620111,0.9788482134753275,0.8477277848522484,32,32768,1048576,33554432,64,64KB,100
2025-04-22 19:59:28,FunnelSort,1048576,,17657285,0.9161620826757908,0.979767124947005,0.8502049708047995,32,32768,1048576,33554432,64,128KB,100
2025-04-22 19:59:30,FunnelSort,1048576,,17739076,0.9119378596720595,1.0098529255701008,0.8468579699826723,32,32768,1048576,33554432,64,256KB,100
2025-04-22 19:59:32,FunnelSort,1048576,,17740352,0.9118722672470084,1.0006516602335709,0.8494148008905318,32,32768,1048576,33554432,64,512KB,100
2025-04-22 19:59:34,FunnelSort,1048576,,17611621,0.9185375383674222,1.0090655330721825,0.8379009659959081,32,32768,1048576,33554432,64,1MB,100
2025-04-22 19:59:35,FunnelSort,1048576,,17646096,0.9167430008314587,0.9742441853462294,0.8376232984171201,32,32768,1048576,33554432,64,2MB,100
2025-04-22 19:59:37,FunnelSort,1048576,,17728784,0.9124672622781123,0.9788245224452257,0.8406135355068021,32,32768,1048576,33554432,64,4MB,100
2025-04-22 19:59:39,FunnelSort,1048576,,17615783,0.9183205197293813,0.980158927316352,0.8265768228501355,32,32768,1048576,33554432,64,8MB,100
2025-04-22 19:59:41,FunnelSort,1048576,,17634073,0.9173680408377577,0.9797374557126851,0.8588899743558432,32,32768,1048576,33554432,64,16MB,100
2025-04-22 19:59:42,FunnelSort,1048576,,17584260,0.919966777106344,1.0052655945116267,0.8496601765821222,32,32768,1048576,33554432,64,32MB,100
2025-04-22 19:59:44,FunnelSort,1048576,,17761751,0.9107736618985369,0.9797315220814458,0.8456847789720212,32,32768,1048576,33554432,64,64MB,100
2025-04-22 20:01:55,FunnelSort,1048576,,17644452,0.9153180274456809,0.9920566230128505,0.8419192814358771,32,32768,1048576,33554432,64,32KB,100
2025-04-22 20:01:57,FunnelSort,1048576,,17748290,0.9099628752967187,0.9781234291251552,0.8456576377507474,32,32768,1048576,33554432,64,64KB,100
2025-04-22 20:01:59,FunnelSort,1048576,,17724170,0.9112012015231179,0.9781471252672445,0.8473614208137674,32,32768,1048576,33554432,64,128KB,100
2025-04-22 20:02:00,FunnelSort,1048576,,17729348,0.9109350778156083,0.9768514486179157,0.8484030342349536,32,32768,1048576,33554432,64,256KB,100
2025-04-22 20:02:02,FunnelSort,1048576,,17718197,0.9115083775171932,0.977401247904525,0.8484565193407898,32,32768,1048576,33554432,64,512KB,100
2025-04-22 20:02:04,FunnelSort,1048576,,17719431,0.9114448991053945,0.978230070806859,0.8425122070821943,32,32768,1048576,33554432,64,1MB,100
2025-04-22 20:02:06,FunnelSort,1048576,,17680811,0.9134357581221811,0.9769932730814368,0.8380094125216633,32,32768,1048576,33554432,64,2MB,100
2025-04-22 20:02:08,FunnelSort,1048576,,17791599,0.9077478083897912,1.0024819525396795,0.8408803836221259,32,32768,1048576,33554432,64,4MB,100
2025-04-22 20:02:09,FunnelSort,1048576,,17717399,0.9115494322840503,1.008252227168016,0.8457284919068092,32,32768,1048576,33554432,64,8MB,100
2025-04-22 20:02:11,FunnelSort,1048576,,17710012,0.9119296474784997,0.9773302712875721,0.8434317929006753,32,32768,1048576,33554432,64,16MB,100
2025-04-22 20:02:13,FunnelSort,1048576,,17648073,0.9151302241326857,0.9786568701711862,0.8360053109988405,32,32768,1048576,33554432,64,32MB,100
2025-04-22 20:02:15,FunnelSort,1048576,,17725947,0.9111098549487934,1.0046208633988554,0.8574795854438109,32,32768,1048576,33554432,64,64MB,100
2025-04-22 20:02:52,FunnelSort,1048576,,17531668,0.9308243802015872,1.0189571222518468,0.8580767693763802,32,32768,1048576,33554432,64,32KB,100
2025-04-22 20:02:54,FunnelSort,1048576,,17743314,0.9197213102355062,0.9879228012398296,0.8545315731872712,32,32768,1048576,33554432,64,64KB,100
2025-04-22 20:02:56,FunnelSort,1048576,,17675978,0.9232249553603201,0.9878689774990466,0.8387723906104638,32,32768,1048576,33554432,64,128KB,100
2025-04-22 20:02:57,FunnelSort,1048576,,17651717,0.9244938608521766,1.0190143870516535,0.8152033649379065,32,32768,1048576,33554432,64,256KB,100
2025-04-22 20:02:59,FunnelSort,1048576,,17766048,0.9185444055988141,0.9877673264330247,0.8361379310344828,32,32768,1048576,33554432,64,512KB,100
2025-04-22 20:03:01,FunnelSort,1048576,,17827283,0.9153892940388055,0.9880902903921142,0.8259265220185947,32,32768,1048576,33554432,64,1MB,100
2025-04-22 20:03:03,FunnelSort,1048576,,17721346,0.9208614289230627,0.9884074789676748,0.8501111678353007,32,32768,1048576,33554432,64,2MB,100
2025-04-22 20:03:05,FunnelSort,1048576,,17781270,0.917758067899537,0.9883895194602256,0.8352264014781224,32,32768,1048576,33554432,64,4MB,100
2025-04-22 20:03:06,FunnelSort,1048576,,17676298,0.9232082419067612,0.9886589806192863,0.8540977463284938,32,32768,1048576,33554432,64,8MB,100
2025-04-22 20:03:08,FunnelSort,1048576,,17755177,0.9191068047364439,0.9876298318132577,0.8346881217744452,32,32768,1048576,33554432,64,16MB,100
2025-04-22 20:03:10,FunnelSort,1048576,,17769064,0.9183884981223547,0.9961241332161344,0.8132857555792559,32,32768,1048576,33554432,64,32MB,100
2025-04-22 20:03:12,FunnelSort,1048576,,17685848,0.9227097281396968,0.9877912424488214,0.8350896297623007,32,32768,1048576,33554432,64,64MB,100
2025-04-22 20:04:19,FunnelSort,1048576,,17177300,0.9735930559517503,0.9735930559517503,0.9735930559517503,32,32768,1048576,33554432,64,32KB,1
2025-04-22 20:04:19,FunnelSort,1048576,,18542700,0.9019020962427262,0.9019020962427262,0.9019020962427262,32,32768,1048576,33554432,64,64KB,1
2025-04-22 20:04:19,FunnelSort,1048576,,17548900,0.9529771096763899,0.9529771096763899,0.9529771096763899,32,32768,1048576,33554432,64,128KB,1
2025-04-22 20:04:19,FunnelSort,1048576,,18040200,0.9270240906420106,0.9270240906420106,0.9270240906420106,32,32768,1048576,33554432,64,256KB,1
2025-04-22 20:04:19,FunnelSort,1048576,,17530600,0.9539719119710678,0.9539719119710678,0.9539719119710678,32,32768,1048576,33554432,64,512KB,1
2025-04-22 20:04:19,FunnelSort,1048576,,17861100,0.9363197115519201,0.9363197115519201,0.9363197115519201,32,32768,1048576,33554432,64,1MB,1
2025-04-22 20:04:19,FunnelSort,1048576,,18138800,0.9219849163119942,0.9219849163119942,0.9219849163119942,32,32768,1048576,33554432,64,2MB,1
2025-04-22 20:04:19,FunnelSort,1048576,,18872300,0.8861506016754714,0.8861506016754714,0.8861506016754714,32,32768,1048576,33554432,64,4MB,1
2025-04-22 20:04:19,FunnelSort,1048576,,17983100,0.9299675806729651,0.9299675806729651,0.9299675806729651,32,32768,1048576,33554432,64,8MB,1
2025-04-22 20:04:19,FunnelSort,1048576,,18035200,0.9272810947480482,0.9272810947480482,0.9272810947480482,32,32768,1048576,33554432,64,16MB,1
2025-04-22 20:04:19,FunnelSort,1048576,,18128600,0.9225036682369295,0.9225036682369295,0.9225036682369295,32,32768,1048576,33554432,64,32MB,1
2025-04-22 20:04:19,FunnelSort,1048576,,18024900,0.9278109725990158,0.9278109725990158,0.9278109725990158,32,32768,1048576,33554432,64,64MB,1
2025-04-22 21:11:39,FunnelSort,1048576,,18216400,0.9688028370040184,0.9688028370040184,0.9688028370040184,32,32768,1048576,33554432,64,32KB,1
2025-04-22 21:11:39,FunnelSort,1048576,,19539400,0.9032058302711444,0.9032058302711444,0.9032058302711444,32,32768,1048576,33554432,64,64KB,1
2025-04-22 21:11:39,FunnelSort,1048576,,19055400,0.9261469189835952,0.9261469189835952,0.9261469189835952,32,32768,1048576,33554432,64,128KB,1
2025-04-22 21:11:39,FunnelSort,1048576,,18551800,0.9512877456634936,0.9512877456634936,0.9512877456634936,32,32768,1048576,33554432,64,256KB,1
2025-04-22 21:11:39,FunnelSort,1048576,,19585300,0.9010890821177108,0.9010890821177108,0.9010890821177108,32,32768,1048576,33554432,64,512KB,1
2025-04-22 21:11:39,FunnelSort,1048576,,19034300,0.927173576123104,0.927173576123104,0.927173576123104,32,32768,1048576,33554432,64,1MB,1
2025-04-22 21:11:39,FunnelSort,1048576,,19079400,0.924981917670367,0.924981917670367,0.924981917670367,32,32768,1048576,33554432,64,2MB,1
2025-04-22 21:11:39,FunnelSort,1048576,,18025800,0.9790466997303865,0.9790466997303865,0.9790466997303865,32,32768,1048576,33554432,64,4MB,1
2025-04-22 21:11:39,FunnelSort,1048576,,18034500,0.9785743990684521,0.9785743990684521,0.9785743990684521,32,32768,1048576,33554432,64,8MB,1
2025-04-22 21:11:39,FunnelSort,1048576,,18844400,0.9365169493324277,0.9365169493324277,0.9365169493324277,32,32768,1048576,33554432,64,16MB,1
2025-04-22 21:11:39,FunnelSort,1048576,,19130600,0.9225063510815134,0.9225063510815134,0.9225063510815134,32,32768,1048576,33554432,64,32MB,1
2025-04-22 21:11:39,FunnelSort,1048576,,17560200,1.0050056377490006,1.0050056377490006,1.0050056377490006,32,32768,1048576,33554432,64,64MB,1
2025-04-22 21:11:45,FunnelSort,1048576,,18283800,0.9039641649985233,0.9039641649985233,0.9039641649985233,32,32768,1048576,33554432,64,32KB,1
2025-04-22 21:11:45,FunnelSort,1048576,,17041700,0.9698504257204387,0.9698504257204387,0.9698504257204387,32,32768,1048576,33554432,64,64KB,1
2025-04-22 21:11:45,FunnelSort,1048576,,18538400,0.8915494325292366,0.8915494325292366,0.8915494325292366,32,32768,1048576,33554432,64,128KB,1
2025-04-22 21:11:45,FunnelSort,1048576,,18096500,0.9133202552979858,0.9133202552979858,0.9133202552979858,32,32768,1048576,33554432,64,256KB,1
2025-04-22 21:11:45,FunnelSort,1048576,,18028500,0.9167651218903403,0.9167651218903403,0.9167651218903403,32,32768,1048576,33554432,64,512KB,1
2025-04-22 21:11:45,FunnelSort,1048576,,18066700,0.9148267254119458,0.9148267254119458,0.9148267254119458,32,32768,1048576,33554432,64,1MB,1
2025-04-22 21:11:45,FunnelSort,1048576,,19616000,0.8425723898858075,0.8425723898858075,0.8425723898858075,32,32768,1048576,33554432,64,2MB,1
2025-04-22 21:11:45,FunnelSort,1048576,,18619900,0.8876470872561077,0.8876470872561077,0.8876470872561077,32,32768,1048576,33554432,64,4MB,1
2025-04-22 21:11:45,FunnelSort,1048576,,18060700,0.9151306427768581,0.9151306427768581,0.9151306427768581,32,32768,1048576,33554432,64,8MB,1
2025-04-22 21:11:45,FunnelSort,1048576,,18552100,0.8908910581551415,0.8908910581551415,0.8908910581551415,32,32768,1048576,33554432,64,16MB,1
2025-04-22 21:11:45,FunnelSort,1048576,,17534800,0.9425770467869607,0.9425770467869607,0.9425770467869607,32,32768,1048576,33554432,64,32MB,1
2025-04-22 21:11:46,FunnelSort,1048576,,18563100,0.8903631397773001,0.8903631397773001,0.8903631397773001,32,32768,1048576,33554432,64,64MB,1
2025-04-22 21:12:44,FunnelSort,1048576,,18188400,0.967264850124255,0.967264850124255,0.967264850124255,32,32768,1048576,33554432,64,32KB,1
2025-04-22 21:12:44,FunnelSort,1048576,,19010200,0.9254505476007617,0.9254505476007617,0.9254505476007617,32,32768,1048576,33554432,64,64KB,1
2025-04-22 21:12:44,FunnelSort,1048576,,19021600,0.9248959078100686,0.9248959078100686,0.9248959078100686,32,32768,1048576,33554432,64,128KB,1
2025-04-22 21:12:44,FunnelSort,1048576,,18508800,0.9505208333333334,0.9505208333333334,0.9505208333333334,32,32768,1048576,33554432,64,256KB,1
2025-04-22 21:12:44,FunnelSort,1048576,,18022700,0.976157845383877,0.976157845383877,0.976157845383877,32,32768,1048576,33554432,64,512KB,1
2025-04-22 21:12:44,FunnelSort,1048576,,18023600,0.9761091014003862,0.9761091014003862,0.9761091014003862,32,32768,1048576,33554432,64,1MB,1
2025-04-22 21:12:44,FunnelSort,1048576,,19039400,0.9240312194712018,0.9240312194712018,0.9240312194712018,32,32768,1048576,33554432,64,2MB,1
2025-04-22 21:12:44,FunnelSort,1048576,,17425100,1.009635525764558,1.009635525764558,1.009635525764558,32,32768,1048576,33554432,64,4MB,1
2025-04-22 21:12:44,FunnelSort,1048576,,18994800,0.9262008549708342,0.9262008549708342,0.9262008549708342,32,32768,1048576,33554432,64,8MB,1
2025-04-22 21:12:44,FunnelSort,1048576,,18058200,0.9742388499407472,0.9742388499407472,0.9742388499407472,32,32768,1048576,33554432,64,16MB,1
2025-04-22 21:12:44,FunnelSort,1048576,,18104300,0.9717580906193556,0.9717580906193556,0.9717580906193556,32,32768,1048576,33554432,64,32MB,1
2025-04-22 21:12:44,FunnelSort,1048576,,18028200,0.9758600414905537,0.9758600414905537,0.9758600414905537,32,32768,1048576,33554432,64,64MB,1
2025-04-22 21:21:53,FunnelSort,1048576,,34901100,1.4913570059396408,1.4913570059396408,1.4913570059396408,32,32768,1048576,33554432,64,32KB,1
2025-04-22 21:21:53,FunnelSort,1048576,,35110400,1.4824667335034634,1.4824667335034634,1.4824667335034634,32,32768,1048576,33554432,64,64KB,1
2025-04-22 21:21:53,FunnelSort,1048576,,36142300,1.4401407768736356,1.4401407768736356,1.4401407768736356,32,32768,1048576,33554432,64,128KB,1
2025-04-22 21:21:53,FunnelSort,1048576,,35586800,1.4626209718210124,1.4626209718210124,1.4626209718210124,32,32768,1048576,33554432,64,256KB,1
2025-04-22 21:21:53,FunnelSort,1048576,,37073400,1.4039715807020667,1.4039715807020667,1.4039715807020667,32,32768,1048576,33554432,64,512KB,1
2025-04-22 21:21:53,FunnelSort,1048576,,35271600,1.4756914911713674,1.4756914911713674,1.4756914911713674,32,32768,1048576,33554432,64,1MB,1
2025-04-22 21:21:53,FunnelSort,1048576,,36195800,1.4380121450555037,1.4380121450555037,1.4380121450555037,32,32768,1048576,33554432,64,2MB,1
2025-04-22 21:21:53,FunnelSort,1048576,,36200600,1.4378214725722778,1.4378214725722778,1.4378214725722778,32,32768,1048576,33554432,64,4MB,1
2025-04-22 21:21:53,FunnelSort,1048576,,35393000,1.470629785550815,1.470629785550815,1.470629785550815,32,32768,1048576,33554432,64,8MB,1
2025-04-22 21:21:53,FunnelSort,1048576,,37063800,1.4043352273647063,1.4043352273647063,1.4043352273647063,32,32768,1048576,33554432,64,16MB,1
2025-04-22 21:21:53,FunnelSort,1048576,,35560200,1.4637150522213036,1.4637150522213036,1.4637150522213036,32,32768,1048576,33554432,64,32MB,1
2025-04-22 21:21:53,FunnelSort,1048576,,35528100,1.4650375336705312,1.4650375336705312,1.4650375336705312,32,32768,1048576,33554432,64,64MB,1
2025-04-22 21:26:55,FunnelSort,1048576,,36264400,1.4365355555310442,1.4365355555310442,1.4365355555310442,32,32768,1048576,33554432,64,,1
2025-04-22 21:26:55,FunnelSort,1048576,,68045500,1.5221491502009685,3.0906958701360705,2.999273169531035,32,32768,1048576,33554432,64,,2
2025-04-22 21:26:55,FunnelSort,1048576,,141162800,1.424729461302836,5.8132701284812045,5.660518827698205,32,32768,1048576,33554432,64,,4
2025-04-22 21:26:56,FunnelSort,1048576,,278603900,1.4434471304960197,11.97131528184611,11.316629240042548,32,32768,1048576,33554432,64,,8
2025-04-22 21:28:16,FunnelSort,1048576,,1035800,1.4981656690480787,1.4981656690480787,1.4981656690480787,32,32768,1048576,33554432,64,,1024
2025-04-22 21:28:16,FunnelSort,1048576,,1042100,0.9865655887150945,0.9865655887150945,0.9865655887150945,32,32768,1048576,33554432,64,,8192
2025-04-22 21:28:16,FunnelSort,1048576,,34516500,1.4612866310315356,1.4612866310315356,1.4612866310315356,32,32768,1048576,33554432,64,,1048576
2025-04-22 21:28:17,FunnelSort,1048576,,36073600,1.4306334826576776,1.4306334826576776,1.4306334826576776,32,32768,1048576,33554432,64,,67108864
2025-04-22 21:29:04,FunnelSort,1048576,,1032300,2.02324905550712,2.02324905550712,2.02324905550712,32,32768,1048576,33554432,64,,1024
2025-04-22 21:29:04,FunnelSort,1048576,,1038800,1.6074316519060454,1.6074316519060454,1.6074316519060454,32,32768,1048576,33554432,64,,4096
2025-04-22 21:29:04,FunnelSort,1048576,,1062000,1.478436911487759,1.478436911487759,1.478436911487759,32,32768,1048576,33554432,64,,16384
2025-04-22 21:29:04,FunnelSort,1048576,,3622000,1.14527885146328,1.14527885146328,1.14527885146328,32,32768,1048576,33554432,64,,65536
2025-04-22 21:29:04,FunnelSort,1048576,,9854300,1.3275524390367657,1.3275524390367657,1.3275524390367657,32,32768,1048576,33554432,64,,262144
2025-04-22 21:29:04,FunnelSort,1048576,,34544200,1.4668395852270424,1.4668395852270424,1.4668395852270424,32,32768,1048576,33554432,64,,1048576
2025-04-22 21:30:01,FunnelSort,1048576,,1048600,0.9883654396337974,0.9883654396337974,0.9883654396337974,32,32768,1048576,33554432,64,,1024
2025-04-22 21:30:01,FunnelSort,1048576,,1030700,1.0283302609876783,1.0283302609876783,1.0283302609876783,32,32768,1048576,33554432,64,,4096
2025-04-22 21:30:01,FunnelSort,1048576,,1556900,1.008992228145674,1.008992228145674,1.008992228145674,32,32768,1048576,33554432,64,,16384
2025-04-22 21:30:01,FunnelSort,1048576,,3164400,1.1464732650739478,1.1464732650739478,1.1464732650739478,32,32768,1048576,33554432,64,,65536
2025-04-22 21:30:01,FunnelSort,1048576,,10045800,1.2700432021342252,1.2700432021342252,1.2700432021342252,32,32768,1048576,33554432,64,,262144
2025-04-22 21:30:01,FunnelSort,1048576,,35533300,1.394041645442444,1.394041645442444,1.394041645442444,32,32768,1048576,33554432,64,,1048576
2025-04-22 21:30:01,FunnelSort,1048576,,36032700,1.388630327452564,1.388630327452564,1.388630327452564,32,32768,1048576,33554432,64,,33554432
2025-04-22 21:30:05,FunnelSort,1048576,,36525300,1.424626217991365,1.424626217991365,1.424626217991365,32,32768,1048576,33554432,64,,1073741824
2025-04-22 21:30:53,FunnelSort,1024,,0,NaN,NaN,NaN,32,32768,1048576,33554432,64,,1024
2025-04-22 21:30:53,FunnelSort,1024,,0,NaN,NaN,NaN,32,32768,1048576,33554432,64,,4096
2025-04-22 21:30:53,FunnelSort,1024,,0,NaN,NaN,NaN,32,32768,1048576,33554432,64,,16384
2025-04-22 21:30:53,FunnelSort,1024,,0,NaN,NaN,NaN,32,32768,1048576,33554432,64,,65536
2025-04-22 21:30:53,FunnelSort,1024,,0,NaN,NaN,NaN,32,32768,1048576,33554432,64,,262144
2025-04-22 21:30:53,FunnelSort,1024,,0,NaN,NaN,NaN,32,32768,1048576,33554432,64,,1048576
2025-04-22 21:30:54,FunnelSort,1024,,0,NaN,NaN,NaN,32,32768,1048576,33554432,64,,33554432
2025-04-22 21:30:58,FunnelSort,1024,,0,NaN,NaN,NaN,32,32768,1048576,33554432,64,,1073741824
2025-04-22 21:31:09,FunnelSort,1024,,0,NaN,NaN,NaN,32,32768,1048576,33554432,64,,1024
2025-04-22 21:31:09,FunnelSort,1024,,0,NaN,NaN,NaN,32,32768,1048576,33554432,64,,4096
2025-04-22 21:31:09,FunnelSort,1024,,0,NaN,NaN,NaN,32,32768,1048576,33554432,64,,16384
2025-04-22 21:31:09,FunnelSort,1024,,0,NaN,NaN,NaN,32,32768,1048576,33554432,64,,65536
2025-04-22 21:31:09,FunnelSort,1024,,0,NaN,NaN,NaN,32,32768,1048576,33554432,64,,262144
2025-04-22 21:31:09,FunnelSort,1024,,0,NaN,NaN,NaN,32,32768,1048576,33554432,64,,1048576
2025-04-22 21:31:09,FunnelSort,1024,,0,NaN,NaN,NaN,32,32768,1048576,33554432,64,,33554432
2025-04-22 21:31:14,FunnelSort,1024,,0,NaN,NaN,NaN,32,32768,1048576,33554432,64,,1073741824
2025-04-22 21:31:22,FunnelSort,1048576,,1036500,1.5172214182344428,1.5172214182344428,1.5172214182344428,32,32768,1048576,33554432,64,,1024
2025-04-22 21:31:22,FunnelSort,1048576,,1029200,1.5035950252623398,1.5035950252623398,1.5035950252623398,32,32768,1048576,33554432,64,,4096
2025-04-22 21:31:22,FunnelSort,1048576,,1554500,1.0664522354454808,1.0664522354454808,1.0664522354454808,32,32768,1048576,33554432,64,,16384
2025-04-22 21:31:22,FunnelSort,1048576,,3082800,1.175911509017776,1.175911509017776,1.175911509017776,32,32768,1048576,33554432,64,,65536
2025-04-22 21:31:22,FunnelSort,1048576,,9513800,1.2415438625995923,1.2415438625995923,1.2415438625995923,32,32768,1048576,33554432,64,,262144
2025-04-22 21:31:22,FunnelSort,1048576,,35813400,1.4255055370336243,1.4255055370336243,1.4255055370336243,32,32768,1048576,33554432,64,,1048576
2025-04-22 21:31:23,FunnelSort,1048576,,36026300,1.3626656081806903,1.3626656081806903,1.3626656081806903,32,32768,1048576,33554432,64,,33554432
2025-04-22 21:31:27,FunnelSort,1048576,,34178700,1.4575656768689271,1.4575656768689271,1.4575656768689271,32,32768,1048576,33554432,64,,1073741824
2025-04-22 21:31:55,FunnelSort,1048576,,1047500,0.9929355608591885,0.9929355608591885,0.9929355608591885,32,32768,1048576,33554432,64,,1024
2025-04-22 21:31:55,FunnelSort,1048576,,1031800,0.9971893777863927,0.9971893777863927,0.9971893777863927,32,32768,1048576,33554432,64,,4096
2025-04-22 21:31:55,FunnelSort,1048576,,1552100,1.0068294568648928,1.0068294568648928,1.0068294568648928,32,32768,1048576,33554432,64,,16384
2025-04-22 21:31:55,FunnelSort,1048576,,3099400,1.1737755694650578,1.1737755694650578,1.1737755694650578,32,32768,1048576,33554432,64,,65536
2025-04-22 21:31:55,FunnelSort,1048576,,10110600,1.254307360591854,1.254307360591854,1.254307360591854,32,32768,1048576,33554432,64,,262144
2025-04-22 21:31:55,FunnelSort,1048576,,35518700,1.4383634536173904,1.4383634536173904,1.4383634536173904,32,32768,1048576,33554432,64,,1048576
2025-04-22 21:31:56,FunnelSort,1048576,,36019800,1.399471957090267,1.399471957090267,1.399471957090267,32,32768,1048576,33554432,64,,33554432
2025-04-22 21:32:00,FunnelSort,1048576,,35019400,1.414433142772292,1.414433142772292,1.414433142772292,32,32768,1048576,33554432,64,,1073741824
2025-04-22 21:40:10,FunnelSort,1024,,1058300,0.5156382878200888,0.5156382878200888,0.5156382878200888,32,32768,1048576,33554432,64,,
2025-04-22 21:40:10,FunnelSort,4096,,1048800,1.4949466056445462,1.4949466056445462,1.4949466056445462,32,32768,1048576,33554432,64,,
2025-04-22 21:40:10,FunnelSort,16384,,1651000,0.9619018776499092,0.9619018776499092,0.9619018776499092,32,32768,1048576,33554432,64,,
2025-04-22 21:40:10,FunnelSort,65536,,3107600,1.1830994980048912,1.1830994980048912,1.1830994980048912,32,32768,1048576,33554432,64,,
2025-04-22 21:40:10,FunnelSort,262144,,9896500,1.2824938109432629,1.2824938109432629,1.2824938109432629,32,32768,1048576,33554432,64,,
2025-04-22 21:40:10,FunnelSort,1048576,,36008300,1.4228358461799084,1.4228358461799084,1.4228358461799084,32,32768,1048576,33554432,64,,
2025-04-22 21:40:10,FunnelSort,33554432,,36704300,1.3645185986383066,1.3645185986383066,1.3645185986383066,32,32768,1048576,33554432,64,,
2025-04-22 21:40:15,FunnelSort,1073741824,,35556500,1.4210397536315442,1.4210397536315442,1.4210397536315442,32,32768,1048576,33554432,64,,
2025-04-22 22:02:35,FunnelSort,1024,,30009,1.3338665067146522,+Inf,0.03998002397123452,32,32768,1048576,33554432,64,,
2025-04-22 22:02:35,FunnelSort,2048,,55036,1.0026346391452867,+Inf,0.036731012447580376,32,32768,1048576,33554432,64,,
2025-04-22 22:02:35,FunnelSort,4096,,115051,0.6988813656552312,+Inf,0.0535225986820209,32,32768,1048576,33554432,64,,
2025-04-22 22:02:35,FunnelSort,8192,,180118,1.5830400071064525,+Inf,0.18974778731616423,32,32768,1048576,33554432,64,,
2025-04-22 22:02:35,FunnelSort,16384,,413705,1.4391680061879841,+Inf,0.3934388422652481,32,32768,1048576,33554432,64,,
2025-04-22 22:02:35,FunnelSort,32768,,936385,1.3544428840701208,+Inf,0.8038790644609242,32,32768,1048576,33554432,64,,
2025-04-22 22:02:36,FunnelSort,65536,,1866117,1.4139386758708055,2.644127668103016,0.8722273643846484,32,32768,1048576,33554432,64,,
2025-04-22 22:02:37,FunnelSort,131072,,4032681,1.3837590922763294,1.861078908751334,1.108293743793446,32,32768,1048576,33554432,64,,
2025-04-22 22:02:39,FunnelSort,262144,,8148044,1.4387828538972052,1.6747762110887299,1.2335216069192647,32,32768,1048576,33554432,64,,
2025-04-22 22:02:44,FunnelSort,524288,,17289844,1.4262068529941623,1.5379703618695972,1.296240104292608,32,32768,1048576,33554432,64,,
2025-04-22 22:02:53,FunnelSort,1048576,,36064581,1.4235283920254058,1.486099878133856,1.3659317605553234,32,32768,1048576,33554432,64,,
2025-04-22 22:06:10,FunnelSort,1024,,30003,0.6666666666666666,+Inf,0.01999600119964011,32,32768,1048576,33554432,64,,
2025-04-22 22:06:10,FunnelSort,2048,,45390,1.3215245648821325,+Inf,0.05987622279896187,32,32768,1048576,33554432,64,,
2025-04-22 22:06:10,FunnelSort,4096,,92871,1.457839368586534,+Inf,0.24906364974245768,32,32768,1048576,33554432,64,,
2025-04-22 22:06:10,FunnelSort,8192,,215117,1.3287838711027022,+Inf,0.285045871559633,32,32768,1048576,33554432,64,,
2025-04-22 22:06:10,FunnelSort,16384,,438738,1.3352821045817778,+Inf,0.386998943057207,32,32768,1048576,33554432,64,,
2025-04-22 22:06:10,FunnelSort,32768,,942605,1.251442544862376,+Inf,0.581578661933639,32,32768,1048576,33554432,64,,
2025-04-22 22:06:10,FunnelSort,65536,,1885442,1.3858538210138525,2.621335272873194,0.8680021924725111,32,32768,1048576,33554432,64,,
2025-04-22 22:06:12,FunnelSort,131072,,4025108,1.3116480352825315,1.7600763435124682,1.0489608789811449,32,32768,1048576,33554432,64,,
2025-04-22 22:06:14,FunnelSort,262144,,8103594,1.3901614518200196,1.609743076791175,1.1850356079652442,32,32768,1048576,33554432,64,,
2025-04-22 22:06:18,FunnelSort,524288,,16792468,1.4090245698249952,1.5261518218231778,1.3105029659538407,32,32768,1048576,33554432,64,,
2025-04-22 22:06:27,FunnelSort,1048576,,35606946,1.3927284300091336,1.4797792452323475,1.3388048951030072,32,32768,1048576,33554432,64,,
2025-04-22 22:11:21,FunnelSort,256,,0,NaN,NaN,NaN,32,32768,1048576,33554432,64,,
2025-04-22 22:11:21,FunnelSort,512,,9999,1.0009000900090008,+Inf,0.010009000900090008,32,32768,1048576,33554432,64,,
2025-04-22 22:11:21,FunnelSort,1024,,0,+Inf,+Inf,+Inf,32,32768,1048576,33554432,64,,
2025-04-22 22:11:21,FunnelSort,2048,,30027,2.3323342325240617,+Inf,0.06980960925039872,32,32768,1048576,33554432,64,,
2025-04-22 22:11:22,FunnelSort,4096,,90135,1.109335996005991,+Inf,0.09857058359621451,32,32768,1048576,33554432,64,,
2025-04-22 22:11:22,FunnelSort,8192,,195227,1.2558047811009747,+Inf,0.16322703062583221,32,32768,1048576,33554432,64,,
2025-04-22 22:11:22,FunnelSort,16384,,411831,1.3489805284206386,+Inf,0.3686721083018117,32,32768,1048576,33554432,64,,
2025-04-22 22:11:22,FunnelSort,32768,,861566,1.4351761791899866,+Inf,0.598499031945789,32,32768,1048576,33554432,64,,
2025-04-22 22:11:22,FunnelSort,65536,,1796312,1.4579772333536714,2.6221285542651183,1.0386603212373586,32,32768,1048576,33554432,64,,
2025-04-22 22:11:23,FunnelSort,131072,,3984620,1.3664321817387857,1.8153279098456307,1.083891664841837,32,32768,1048576,33554432,64,,
2025-04-22 22:11:26,FunnelSort,262144,,8129508,1.4012600762555372,1.6276440246899468,1.1985559319893944,32,32768,1048576,33554432,64,,
2025-04-22 22:11:30,FunnelSort,524288,,16799552,1.4021384617875525,1.5665829570167795,1.303652061299374,32,32768,1048576,33554432,64,,
2025-04-22 22:11:39,FunnelSort,1048576,,35258330,1.4055222411271322,1.4784119033412888,1.3209078308708875,32,32768,1048576,33554432,64,,
2025-04-22 22:11:59,FunnelSort,2097152,,73603740,1.4424827053625264,1.494426409028593,1.3849705844753861,32,32768,1048576,33554432,64,,
2025-04-22 22:12:38,FunnelSort,4194304,,151289712,1.424932033712907,1.455313032888368,1.392298785099302,32,32768,1048576,33554432,64,,
2025-04-22 22:14:01,FunnelSort,8388608,,314363869,1.4326194910140897,1.450597939817894,1.3945811523188323,32,32768,1048576,33554432,64,,
2025-04-22 22:16:52,FunnelSort,16777216,,665390282,1.4079212401241532,1.4467029288095556,1.3856580957015505,32,32768,1048576,33554432,64,,
